SO HD,NGAY,MA KH,TEN KH,MÃ NV, ,MÃ HH,TÊN SP,SL,ĐƠN GIÁ,THÀNH TIỀN,VAT,NHÃN HÀNG,CỬA HÀNG,HỆ THỐNG,20260119
26010000010,02/01/2026,VIN_KHO_HYEN,Chi Nhánh Hưng Yên  - Công Ty Cổ Phần Dịch Vụ Thương Mại  Tổng Hợp WinCommerce,NV0133,Thảo Nguyên - MT ,2320001,Muối Nổi Baking Soda 453g - Fresh Box (1101),216,36000,7776000,8553600,BAKING SODA,VINMART HUNG YEN,VINMART,20260119
26010000011,02/01/2026,VIN_BDUONG,CHI NHÁNH BÌNH DƯƠNG - CÔNG TY CỔ PHẦN DỊCH VỤ THƯƠNG MẠI TỔNG HỢP WINCOMMERCE,NV0133,Thảo Nguyên - MT ,2320001,Muối Nổi Baking Soda 453g - Fresh Box (1101),216,36000,7776000,8553600,BAKING SODA,VINMART BINH DUONG,VINMART,20260119
26010000014,02/01/2026,VIN_KHO_HYEN,Chi Nhánh Hưng Yên  - Công Ty Cổ Phần Dịch Vụ Thương Mại  Tổng Hợp WinCommerce,NV0133,Thảo Nguyên - MT ,2320001,Muối Nổi Baking Soda 453g - Fresh Box (1101),24,36000,864000,950400.0000000001,BAKING SODA,VINMART HUNG YEN,VINMART,20260119
26010000041,02/01/2026,VIN_KHO_DNANG,Chi Nhánh Đà Nẵng - Công Ty CP Dịch Vụ Thương Mại  Tổng Hợp WinCommerce,NV0133,Thảo Nguyên - MT ,2320001,Muối Nổi Baking Soda 453g - Fresh Box (1101),24,36000,864000,950400.0000000001,BAKING SODA,VINMART KHO DA NANG,VINMART,20260119
26010000043,02/01/2026,VIN_BDUONG,CHI NHÁNH BÌNH DƯƠNG - CÔNG TY CỔ PHẦN DỊCH VỤ THƯƠNG MẠI TỔNG HỢP WINCOMMERCE,NV0133,Thảo Nguyên - MT ,2320001,Muối Nổi Baking Soda 453g - Fresh Box (1101),24,36000,864000,950400.0000000001,BAKING SODA,VINMART BINH DUONG,VINMART,20260119
26010000041,02/01/2026,VIN_KHO_DNANG,Chi Nhánh Đà Nẵng - Công Ty CP Dịch Vụ Thương Mại  Tổng Hợp WinCommerce,NV0133,Thảo Nguyên - MT ,2340002,Muối Nổi Rửa Rau Quả Baking Soda 340g (6592),12,72000,864000,950400.0000000001,BAKING SODA,VINMART KHO DA NANG,VINMART,20260119
26010000042,02/01/2026,VIN_BDUONG,CHI NHÁNH BÌNH DƯƠNG - CÔNG TY CỔ PHẦN DỊCH VỤ THƯƠNG MẠI TỔNG HỢP WINCOMMERCE,NV0133,Thảo Nguyên - MT ,2340002,Muối Nổi Rửa Rau Quả Baking Soda 340g (6592),12,72000,864000,950400.0000000001,BAKING SODA,VINMART BINH DUONG,VINMART,20260119
26010000043,02/01/2026,VIN_BDUONG,CHI NHÁNH BÌNH DƯƠNG - CÔNG TY CỔ PHẦN DỊCH VỤ THƯƠNG MẠI TỔNG HỢP WINCOMMERCE,NV0133,Thảo Nguyên - MT ,2340002,Muối Nổi Rửa Rau Quả Baking Soda 340g (6592),12,72000,864000,950400.0000000001,BAKING SODA,VINMART BINH DUONG,VINMART,20260119
26010000182,09/01/2026,VIN_KHO_HYEN,Chi Nhánh Hưng Yên  - Công Ty Cổ Phần Dịch Vụ Thương Mại  Tổng Hợp WinCommerce,NV0133,Thảo Nguyên - MT ,2340002,Muối Nổi Rửa Rau Quả Baking Soda 340g (6592),36,72000,2592000,2851200,BAKING SODA,VINMART HUNG YEN,VINMART,20260119
26010000183,09/01/2026,VIN_HPHONG,Chi Nhánh Hải Phòng - Công Ty CP Dịch Vụ Thương Mại  Tổng Hợp WinCommerce,NV0133,Thảo Nguyên - MT ,2340002,Muối Nổi Rửa Rau Quả Baking Soda 340g (6592),12,72000,864000,950400.0000000001,BAKING SODA,VINMART HAI PHONG,VINMART,20260119
26010000184,09/01/2026,VIN_BNINH,Chi Nhánh Bắc Ninh  - Công Ty CP Dịch Vụ Thương Mại Tổng Hợp WinCommerce,NV0133,Thảo Nguyên - MT ,2340002,Muối Nổi Rửa Rau Quả Baking Soda 340g (6592),36,72000,2592000,2851200,BAKING SODA,VINMART BAC NINH,VINMART,20260119
26010000185,09/01/2026,VIN_NAN,Chi Nhánh Nghệ An- Công Ty CP Dịch Vụ Thương Mại  Tổng Hợp WinCommerce,NV0133,Thảo Nguyên - MT ,2340002,Muối Nổi Rửa Rau Quả Baking Soda 340g (6592),24,72000,1728000,1900800.0000000002,BAKING SODA,VIMART NGHE AN,VINMART,20260119
26010000009,02/01/2026,VIN_NAN,Chi Nhánh Nghệ An- Công Ty CP Dịch Vụ Thương Mại  Tổng Hợp WinCommerce,NV0133,Thảo Nguyên - MT ,6050004,Pin Fujitsu - R03(4B) F-GP - AAA     (3112),160,17000,2720000,2992000.0000000005,FUJITSU,VIMART NGHE AN,VINMART,20260119
26010000012,02/01/2026,VIN_KHO_HYEN,Chi Nhánh Hưng Yên  - Công Ty Cổ Phần Dịch Vụ Thương Mại  Tổng Hợp WinCommerce,NV0133,Thảo Nguyên - MT ,6050004,Pin Fujitsu - R03(4B) F-GP - AAA     (3112),160,17000,2720000,2992000.0000000005,FUJITSU,VINMART HUNG YEN,VINMART,20260119
26010000013,02/01/2026,VIN_BDUONG,CHI NHÁNH BÌNH DƯƠNG - CÔNG TY CỔ PHẦN DỊCH VỤ THƯƠNG MẠI TỔNG HỢP WINCOMMERCE,NV0133,Thảo Nguyên - MT ,6050004,Pin Fujitsu - R03(4B) F-GP - AAA     (3112),320,17000,5440000,5984000.000000001,FUJITSU,VINMART BINH DUONG,VINMART,20260119
26010000156,08/01/2026,VIN_BDUONG,CHI NHÁNH BÌNH DƯƠNG - CÔNG TY CỔ PHẦN DỊCH VỤ THƯƠNG MẠI TỔNG HỢP WINCOMMERCE,NV0133,Thảo Nguyên - MT ,6050004,Pin Fujitsu - R03(4B) F-GP - AAA     (3112),320,17000,5440000,5984000.000000001,FUJITSU,VINMART BINH DUONG,VINMART,20260119
26010000157,08/01/2026,VIN_BNINH,Chi Nhánh Bắc Ninh  - Công Ty CP Dịch Vụ Thương Mại Tổng Hợp WinCommerce,NV0133,Thảo Nguyên - MT ,6050004,Pin Fujitsu - R03(4B) F-GP - AAA     (3112),160,17000,2720000,2992000.0000000005,FUJITSU,VINMART BAC NINH,VINMART,20260119
26010000158,08/01/2026,VIN_KHO_HYEN,Chi Nhánh Hưng Yên  - Công Ty Cổ Phần Dịch Vụ Thương Mại  Tổng Hợp WinCommerce,NV0133,Thảo Nguyên - MT ,6050004,Pin Fujitsu - R03(4B) F-GP - AAA     (3112),160,17000,2720000,2992000.0000000005,FUJITSU,VINMART HUNG YEN,VINMART,20260119
26010000179,09/01/2026,VIN_KHO_HYEN,Chi Nhánh Hưng Yên  - Công Ty Cổ Phần Dịch Vụ Thương Mại  Tổng Hợp WinCommerce,NV0133,Thảo Nguyên - MT ,6050004,Pin Fujitsu - R03(4B) F-GP - AAA     (3112),320,17000,5440000,5984000.000000001,FUJITSU,VINMART HUNG YEN,VINMART,20260119
26010000187,09/01/2026,VIN_KHO_HYEN,Chi Nhánh Hưng Yên  - Công Ty Cổ Phần Dịch Vụ Thương Mại  Tổng Hợp WinCommerce,NV0133,Thảo Nguyên - MT ,6050004,Pin Fujitsu - R03(4B) F-GP - AAA     (3112),160,15300,2448000,2692800,FUJITSU,VINMART HUNG YEN,VINMART,20260119
26010000219,13/01/2026,VIN_BDUONG,CHI NHÁNH BÌNH DƯƠNG - CÔNG TY CỔ PHẦN DỊCH VỤ THƯƠNG MẠI TỔNG HỢP WINCOMMERCE,NV0133,Thảo Nguyên - MT ,6050004,Pin Fujitsu - R03(4B) F-GP - AAA     (3112),1120,17000,19040000,20944000,FUJITSU,VINMART BINH DUONG,VINMART,20260119
26010000265,14/01/2026,VIN_KHO_HYEN,Chi Nhánh Hưng Yên  - Công Ty Cổ Phần Dịch Vụ Thương Mại  Tổng Hợp WinCommerce,NV0133,Thảo Nguyên - MT ,6050004,Pin Fujitsu - R03(4B) F-GP - AAA     (3112),320,15300,4896000,5385600,FUJITSU,VINMART HUNG YEN,VINMART,20260119
26010000266,14/01/2026,VIN_NAN,Chi Nhánh Nghệ An- Công Ty CP Dịch Vụ Thương Mại  Tổng Hợp WinCommerce,NV0133,Thảo Nguyên - MT ,6050004,Pin Fujitsu - R03(4B) F-GP - AAA     (3112),70,15300,1071000,1178100,FUJITSU,VIMART NGHE AN,VINMART,20260119
26010000286,14/01/2026,VIN_KHO_DNANG,Chi Nhánh Đà Nẵng - Công Ty CP Dịch Vụ Thương Mại  Tổng Hợp WinCommerce,NV0133,Thảo Nguyên - MT ,6050004,Pin Fujitsu - R03(4B) F-GP - AAA     (3112),60,17000,1020000,1122000,FUJITSU,VINMART KHO DA NANG,VINMART,20260119
26010000019,02/01/2026,MG_26_71,Công ty TNHH MM Mega Market (Việt Nam),NV0130,Nam Phương - 0333719804,2310004,Bột Đa Năng Baking Soda 500g - Scratchless Cleaning (2987),160,43000,6880000,7568000.000000001,BAKING SODA,MEGA KHO1,MEGA,20260119
26010000061,05/01/2026,MG_26_71,Công ty TNHH MM Mega Market (Việt Nam),NV0130,Nam Phương - 0333719804,2310004,Bột Đa Năng Baking Soda 500g - Scratchless Cleaning (2987),420,43000,18060000,19866000,BAKING SODA,MEGA KHO1,MEGA,20260119
26010000193,10/01/2026,MG_26_71,Công ty TNHH MM Mega Market (Việt Nam),NV0130,Nam Phương - 0333719804,2310004,Bột Đa Năng Baking Soda 500g - Scratchless Cleaning (2987),80,43000,3440000,3784000.0000000005,BAKING SODA,MEGA KHO1,MEGA,20260119
26010000201,12/01/2026,MG_26_71,Công ty TNHH MM Mega Market (Việt Nam),NV0130,Nam Phương - 0333719804,2310004,Bột Đa Năng Baking Soda 500g - Scratchless Cleaning (2987),340,43000,14620000,16082000.000000002,BAKING SODA,MEGA KHO1,MEGA,20260119
26010000303,16/01/2026,MG_26_71,Công ty TNHH MM Mega Market (Việt Nam),NV0130,Nam Phương - 0333719804,2310004,Bột Đa Năng Baking Soda 500g - Scratchless Cleaning (2987),100,43000,4300000,4730000,BAKING SODA,MEGA KHO1,MEGA,20260119
26010000319,19/01/2026,MG_26_71,Công ty TNHH MM Mega Market (Việt Nam),NV0130,Nam Phương - 0333719804,2310004,Bột Đa Năng Baking Soda 500g - Scratchless Cleaning (2987),280,43000,12040000,13244000.000000002,BAKING SODA,MEGA KHO1,MEGA,20260119
26010000019,02/01/2026,MG_26_71,Công ty TNHH MM Mega Market (Việt Nam),NV0130,Nam Phương - 0333719804,2310008,Bột Đa Năng Baking Soda 2.1kg - Scratchless Cleaning (2970),54,145000,7830000,8613000,BAKING SODA,MEGA KHO1,MEGA,20260119
26010000061,05/01/2026,MG_26_71,Công ty TNHH MM Mega Market (Việt Nam),NV0130,Nam Phương - 0333719804,2310008,Bột Đa Năng Baking Soda 2.1kg - Scratchless Cleaning (2970),36,145000,5220000,5742000,BAKING SODA,MEGA KHO1,MEGA,20260119
26010000193,10/01/2026,MG_26_71,Công ty TNHH MM Mega Market (Việt Nam),NV0130,Nam Phương - 0333719804,2310008,Bột Đa Năng Baking Soda 2.1kg - Scratchless Cleaning (2970),30,145000,4350000,4785000,BAKING SODA,MEGA KHO1,MEGA,20260119
26010000201,12/01/2026,MG_26_71,Công ty TNHH MM Mega Market (Việt Nam),NV0130,Nam Phương - 0333719804,2310008,Bột Đa Năng Baking Soda 2.1kg - Scratchless Cleaning (2970),66,145000,9570000,10527000,BAKING SODA,MEGA KHO1,MEGA,20260119
26010000303,16/01/2026,MG_26_71,Công ty TNHH MM Mega Market (Việt Nam),NV0130,Nam Phương - 0333719804,2310008,Bột Đa Năng Baking Soda 2.1kg - Scratchless Cleaning (2970),60,145000,8700000,9570000,BAKING SODA,MEGA KHO1,MEGA,20260119
26010000319,19/01/2026,MG_26_71,Công ty TNHH MM Mega Market (Việt Nam),NV0130,Nam Phương - 0333719804,2310008,Bột Đa Năng Baking Soda 2.1kg - Scratchless Cleaning (2970),72,145000,10440000,11484000,BAKING SODA,MEGA KHO1,MEGA,20260119
26010000060,05/01/2026,MG_26_71,Công ty TNHH MM Mega Market (Việt Nam),NV0130,Nam Phương - 0333719804,2320001,Muối Nổi Baking Soda 453g - Fresh Box (1101),552,34000,18768000,20644800,BAKING SODA,MEGA KHO1,MEGA,20260119
26010000019,02/01/2026,MG_26_71,Công ty TNHH MM Mega Market (Việt Nam),NV0130,Nam Phương - 0333719804,2340002,Muối Nổi Rửa Rau Quả Baking Soda 340g (6592),48,78000,3744000,4118400.0000000005,BAKING SODA,MEGA KHO1,MEGA,20260119
26010000061,05/01/2026,MG_26_71,Công ty TNHH MM Mega Market (Việt Nam),NV0130,Nam Phương - 0333719804,2340002,Muối Nổi Rửa Rau Quả Baking Soda 340g (6592),12,78000,936000,1029600.0000000001,BAKING SODA,MEGA KHO1,MEGA,20260119
26010000201,12/01/2026,MG_26_71,Công ty TNHH MM Mega Market (Việt Nam),NV0130,Nam Phương - 0333719804,2340002,Muối Nổi Rửa Rau Quả Baking Soda 340g (6592),48,78000,3744000,4118400.0000000005,BAKING SODA,MEGA KHO1,MEGA,20260119
26010000303,16/01/2026,MG_26_71,Công ty TNHH MM Mega Market (Việt Nam),NV0130,Nam Phương - 0333719804,2340002,Muối Nổi Rửa Rau Quả Baking Soda 340g (6592),12,78000,936000,1029600.0000000001,BAKING SODA,MEGA KHO1,MEGA,20260119
26010000319,19/01/2026,MG_26_71,Công ty TNHH MM Mega Market (Việt Nam),NV0130,Nam Phương - 0333719804,2340002,Muối Nổi Rửa Rau Quả Baking Soda 340g (6592),12,78000,936000,1029600.0000000001,BAKING SODA,MEGA KHO1,MEGA,20260119
26010000317,19/01/2026,MG_BHOA,Chi Nhánh Công ty TNHH MM Mega Market (Việt Nam) tại Thành Phố Biên Hòa,NV0130,Nam Phương - 0333719804,4010231,Thùng Coleman giữ lạnh 2000027859 - 15L - Xanh (4067) ,4,1000000,4000000,4400000,COLEMAN,MEGA BIEN HOA,MEGA,20260119
26010000318,19/01/2026,MG_HLOI,Chi Nhánh Công ty TNHH MM Mega Market (Việt Nam) tại Thành phố Cần Thơ ,NV0130,Nam Phương - 0333719804,4010231,Thùng Coleman giữ lạnh 2000027859 - 15L - Xanh (4067) ,4,1000000,4000000,4400000,COLEMAN,MEGA CAN THO,MEGA,20260119
26010000063,05/01/2026,MG_DNANG,Chi Nhánh Công ty TNHH MM Mega Market (Việt Nam) tại Thành phố Đà Nẵng ,NV0130,Nam Phương - 0333719804,4010292,Thùng Coleman giữ lạnh 2205748 - 26L - Xanh Rêu   (4281),2,1700000,3400000,3740000.0000000005,COLEMAN,MEGA DA NANG,MEGA,20260119
26010000018,02/01/2026,MG_DNANG,Chi Nhánh Công ty TNHH MM Mega Market (Việt Nam) tại Thành phố Đà Nẵng ,NV0130,Nam Phương - 0333719804,4010437,Thùng Coleman giữ lạnh 2000027864 - 56L - Đỏ - tay kéo (4111),2,2150000,4300000,4730000,COLEMAN,MEGA DA NANG,MEGA,20260119
26010000028,02/01/2026,LOTTE_NTRANG,Công Ty Cổ Phần Trung Tâm Thương Mại Lotte Việt Nam - Chi Nhánh Nha Trang ,NV0133,Thảo Nguyên - MT ,2310002,Bột Tẩy Rửa Đa Năng Baking Soda 226g - Scratchless Cleaning (1309),24,23000,552000,607200,BAKING SODA,LOTTE NHA TRANG,LOTTE,20260119
26010000039,02/01/2026,LOTTE_TBINH,Công Ty Cổ Phần Trung Tâm Thương Mại Lotte Việt Nam - Chi Nhánh Tân Bình,NV0133,Thảo Nguyên - MT ,2310002,Bột Tẩy Rửa Đa Năng Baking Soda 226g - Scratchless Cleaning (1309),48,23000,1104000,1214400,BAKING SODA,LOTTE TAN BINH,LOTTE,20260119
26010000040,02/01/2026,LOTTE_CTHO,Công Ty Cổ Phần Trung Tâm Thương Mại Lotte Việt Nam - Chi Nhánh Cần Thơ,NV0133,Thảo Nguyên - MT ,2310002,Bột Tẩy Rửa Đa Năng Baking Soda 226g - Scratchless Cleaning (1309),24,23000,552000,607200,BAKING SODA,LOTTE CAN THO,LOTTE,20260119
26010000085,05/01/2026,LOTTE_ZTLEX,Công Ty Cổ Phần Trung Tâm Thương Mại Lotte Việt Nam - Chi Nhánh Tây Hồ ,NV0133,Thảo Nguyên - MT ,2310002,Bột Tẩy Rửa Đa Năng Baking Soda 226g - Scratchless Cleaning (1309),24,23000,552000,607200,BAKING SODA,LOTTE ZTLEX,LOTTE,20260119
26010000086,05/01/2026,LOTTE_BDINH,Công Ty Cổ Phần Trung Tâm Thương Mại Lotte Việt Nam - Chi Nhánh Ba Đình ,NV0133,Thảo Nguyên - MT ,2310002,Bột Tẩy Rửa Đa Năng Baking Soda 226g - Scratchless Cleaning (1309),24,23000,552000,607200,BAKING SODA,LOTTE BA DINH HA NOI,LOTTE,20260119
26010000087,05/01/2026,LOTTE_VINH,Công Ty Cổ Phần Trung Tâm Thương Mại Lotte Việt Nam - Chi Nhánh Vinh,NV0133,Thảo Nguyên - MT ,2310002,Bột Tẩy Rửa Đa Năng Baking Soda 226g - Scratchless Cleaning (1309),24,23000,552000,607200,BAKING SODA,LOTTE VINH,LOTTE,20260119
26010000088,05/01/2026,LOTTE_Q7,Công Ty Cổ Phần Trung Tâm Thương Mại Lotte Việt Nam,NV0133,Thảo Nguyên - MT ,2310002,Bột Tẩy Rửa Đa Năng Baking Soda 226g - Scratchless Cleaning (1309),24,23000,552000,607200,BAKING SODA,LOTTE NAM SAI GON,LOTTE,20260119
26010000089,05/01/2026,LOTTE_Q11,Công Ty Cổ Phần Trung Tâm Thương Mại  Lotte Việt Nam,NV0133,Thảo Nguyên - MT ,2310002,Bột Tẩy Rửa Đa Năng Baking Soda 226g - Scratchless Cleaning (1309),24,23000,552000,607200,BAKING SODA,LOTTE QUAN 11,LOTTE,20260119
26010000206,12/01/2026,LOTTE_BDUONG,Công Ty Cổ Phần Trung Tâm Thương Mại Lotte Việt Nam - Chi Nhánh Bình Dương ,NV0133,Thảo Nguyên - MT ,2310002,Bột Tẩy Rửa Đa Năng Baking Soda 226g - Scratchless Cleaning (1309),72,23000,1656000,1821600.0000000002,BAKING SODA,LOTTE BINH DUONG,LOTTE,20260119
26010000207,12/01/2026,LOTTE_DNANG,Công Ty Cổ Phần Trung Tâm Thương Mại Lotte Việt Nam - Chi Nhánh Đà Nẵng ,NV0133,Thảo Nguyên - MT ,2310002,Bột Tẩy Rửa Đa Năng Baking Soda 226g - Scratchless Cleaning (1309),72,23000,1656000,1821600.0000000002,BAKING SODA,LOTTE DA NANG,LOTTE,20260119
26010000208,12/01/2026,LOTTE_ZTLEX,Công Ty Cổ Phần Trung Tâm Thương Mại Lotte Việt Nam - Chi Nhánh Tây Hồ ,NV0133,Thảo Nguyên - MT ,2310002,Bột Tẩy Rửa Đa Năng Baking Soda 226g - Scratchless Cleaning (1309),24,23000,552000,607200,BAKING SODA,LOTTE ZTLEX,LOTTE,20260119
26010000222,13/01/2026,LOTTE_VTAU,Công Ty Cổ Phần Trung Tâm Thương Mại Lotte Việt Nam - Chi Nhánh Bà Rịa Vũng Tàu ,NV0133,Thảo Nguyên - MT ,2310002,Bột Tẩy Rửa Đa Năng Baking Soda 226g - Scratchless Cleaning (1309),24,23000,552000,607200,BAKING SODA,LOTTE VUNG TAU,LOTTE,20260119
26010000251,13/01/2026,LOTTE_Q7,Công Ty Cổ Phần Trung Tâm Thương Mại Lotte Việt Nam,NV0133,Thảo Nguyên - MT ,2310002,Bột Tẩy Rửa Đa Năng Baking Soda 226g - Scratchless Cleaning (1309),48,23000,1104000,1214400,BAKING SODA,LOTTE NAM SAI GON,LOTTE,20260119
26010000290,14/01/2026,LOTTE_NTRANG,Công Ty Cổ Phần Trung Tâm Thương Mại Lotte Việt Nam - Chi Nhánh Nha Trang ,NV0133,Thảo Nguyên - MT ,2310002,Bột Tẩy Rửa Đa Năng Baking Soda 226g - Scratchless Cleaning (1309),48,23000,1104000,1214400,BAKING SODA,LOTTE NHA TRANG,LOTTE,20260119
26010000028,02/01/2026,LOTTE_NTRANG,Công Ty Cổ Phần Trung Tâm Thương Mại Lotte Việt Nam - Chi Nhánh Nha Trang ,NV0133,Thảo Nguyên - MT ,2310004,Bột Đa Năng Baking Soda 500g - Scratchless Cleaning (2987),40,38700,1548000,1702800.0000000002,BAKING SODA,LOTTE NHA TRANG,LOTTE,20260119
26010000039,02/01/2026,LOTTE_TBINH,Công Ty Cổ Phần Trung Tâm Thương Mại Lotte Việt Nam - Chi Nhánh Tân Bình,NV0133,Thảo Nguyên - MT ,2310004,Bột Đa Năng Baking Soda 500g - Scratchless Cleaning (2987),20,38700,774000,851400.0000000001,BAKING SODA,LOTTE TAN BINH,LOTTE,20260119
26010000040,02/01/2026,LOTTE_CTHO,Công Ty Cổ Phần Trung Tâm Thương Mại Lotte Việt Nam - Chi Nhánh Cần Thơ,NV0133,Thảo Nguyên - MT ,2310004,Bột Đa Năng Baking Soda 500g - Scratchless Cleaning (2987),20,38700,774000,851400.0000000001,BAKING SODA,LOTTE CAN THO,LOTTE,20260119
26010000086,05/01/2026,LOTTE_BDINH,Công Ty Cổ Phần Trung Tâm Thương Mại Lotte Việt Nam - Chi Nhánh Ba Đình ,NV0133,Thảo Nguyên - MT ,2310004,Bột Đa Năng Baking Soda 500g - Scratchless Cleaning (2987),20,38700,774000,851400.0000000001,BAKING SODA,LOTTE BA DINH HA NOI,LOTTE,20260119
26010000087,05/01/2026,LOTTE_VINH,Công Ty Cổ Phần Trung Tâm Thương Mại Lotte Việt Nam - Chi Nhánh Vinh,NV0133,Thảo Nguyên - MT ,2310004,Bột Đa Năng Baking Soda 500g - Scratchless Cleaning (2987),20,38700,774000,851400.0000000001,BAKING SODA,LOTTE VINH,LOTTE,20260119
26010000088,05/01/2026,LOTTE_Q7,Công Ty Cổ Phần Trung Tâm Thương Mại Lotte Việt Nam,NV0133,Thảo Nguyên - MT ,2310004,Bột Đa Năng Baking Soda 500g - Scratchless Cleaning (2987),40,38700,1548000,1702800.0000000002,BAKING SODA,LOTTE NAM SAI GON,LOTTE,20260119
26010000089,05/01/2026,LOTTE_Q11,Công Ty Cổ Phần Trung Tâm Thương Mại  Lotte Việt Nam,NV0133,Thảo Nguyên - MT ,2310004,Bột Đa Năng Baking Soda 500g - Scratchless Cleaning (2987),20,38700,774000,851400.0000000001,BAKING SODA,LOTTE QUAN 11,LOTTE,20260119
26010000207,12/01/2026,LOTTE_DNANG,Công Ty Cổ Phần Trung Tâm Thương Mại Lotte Việt Nam - Chi Nhánh Đà Nẵng ,NV0133,Thảo Nguyên - MT ,2310004,Bột Đa Năng Baking Soda 500g - Scratchless Cleaning (2987),100,38700,3870000,4257000,BAKING SODA,LOTTE DA NANG,LOTTE,20260119
26010000208,12/01/2026,LOTTE_ZTLEX,Công Ty Cổ Phần Trung Tâm Thương Mại Lotte Việt Nam - Chi Nhánh Tây Hồ ,NV0133,Thảo Nguyên - MT ,2310004,Bột Đa Năng Baking Soda 500g - Scratchless Cleaning (2987),40,38700,1548000,1702800.0000000002,BAKING SODA,LOTTE ZTLEX,LOTTE,20260119
26010000222,13/01/2026,LOTTE_VTAU,Công Ty Cổ Phần Trung Tâm Thương Mại Lotte Việt Nam - Chi Nhánh Bà Rịa Vũng Tàu ,NV0133,Thảo Nguyên - MT ,2310004,Bột Đa Năng Baking Soda 500g - Scratchless Cleaning (2987),40,38700,1548000,1702800.0000000002,BAKING SODA,LOTTE VUNG TAU,LOTTE,20260119
26010000251,13/01/2026,LOTTE_Q7,Công Ty Cổ Phần Trung Tâm Thương Mại Lotte Việt Nam,NV0133,Thảo Nguyên - MT ,2310004,Bột Đa Năng Baking Soda 500g - Scratchless Cleaning (2987),80,38700,3096000,3405600.0000000005,BAKING SODA,LOTTE NAM SAI GON,LOTTE,20260119
26010000289,14/01/2026,LOTTE_CTHO,Công Ty Cổ Phần Trung Tâm Thương Mại Lotte Việt Nam - Chi Nhánh Cần Thơ,NV0133,Thảo Nguyên - MT ,2310004,Bột Đa Năng Baking Soda 500g - Scratchless Cleaning (2987),20,38700,774000,851400.0000000001,BAKING SODA,LOTTE CAN THO,LOTTE,20260119
26010000290,14/01/2026,LOTTE_NTRANG,Công Ty Cổ Phần Trung Tâm Thương Mại Lotte Việt Nam - Chi Nhánh Nha Trang ,NV0133,Thảo Nguyên - MT ,2310004,Bột Đa Năng Baking Soda 500g - Scratchless Cleaning (2987),40,38700,1548000,1702800.0000000002,BAKING SODA,LOTTE NHA TRANG,LOTTE,20260119
26010000039,02/01/2026,LOTTE_TBINH,Công Ty Cổ Phần Trung Tâm Thương Mại Lotte Việt Nam - Chi Nhánh Tân Bình,NV0133,Thảo Nguyên - MT ,2310008,Bột Đa Năng Baking Soda 2.1kg - Scratchless Cleaning (2970),6,145000,870000,957000.0000000001,BAKING SODA,LOTTE TAN BINH,LOTTE,20260119
26010000088,05/01/2026,LOTTE_Q7,Công Ty Cổ Phần Trung Tâm Thương Mại Lotte Việt Nam,NV0133,Thảo Nguyên - MT ,2310008,Bột Đa Năng Baking Soda 2.1kg - Scratchless Cleaning (2970),18,145000,2610000,2871000,BAKING SODA,LOTTE NAM SAI GON,LOTTE,20260119
26010000206,12/01/2026,LOTTE_BDUONG,Công Ty Cổ Phần Trung Tâm Thương Mại Lotte Việt Nam - Chi Nhánh Bình Dương ,NV0133,Thảo Nguyên - MT ,2310008,Bột Đa Năng Baking Soda 2.1kg - Scratchless Cleaning (2970),6,130500,783000,861300.0000000001,BAKING SODA,LOTTE BINH DUONG,LOTTE,20260119
26010000207,12/01/2026,LOTTE_DNANG,Công Ty Cổ Phần Trung Tâm Thương Mại Lotte Việt Nam - Chi Nhánh Đà Nẵng ,NV0133,Thảo Nguyên - MT ,2310008,Bột Đa Năng Baking Soda 2.1kg - Scratchless Cleaning (2970),30,130500,3915000,4306500,BAKING SODA,LOTTE DA NANG,LOTTE,20260119
26010000222,13/01/2026,LOTTE_VTAU,Công Ty Cổ Phần Trung Tâm Thương Mại Lotte Việt Nam - Chi Nhánh Bà Rịa Vũng Tàu ,NV0133,Thảo Nguyên - MT ,2310008,Bột Đa Năng Baking Soda 2.1kg - Scratchless Cleaning (2970),12,130500,1566000,1722600.0000000002,BAKING SODA,LOTTE VUNG TAU,LOTTE,20260119
26010000251,13/01/2026,LOTTE_Q7,Công Ty Cổ Phần Trung Tâm Thương Mại Lotte Việt Nam,NV0133,Thảo Nguyên - MT ,2310008,Bột Đa Năng Baking Soda 2.1kg - Scratchless Cleaning (2970),24,130500,3132000,3445200.0000000005,BAKING SODA,LOTTE NAM SAI GON,LOTTE,20260119
26010000288,14/01/2026,LOTTE_GVAP,Công Ty Cổ Phần Trung Tâm Thương Mại Lotte Việt Nam - Chi Nhánh Gò Vấp,NV0133,Thảo Nguyên - MT ,2310008,Bột Đa Năng Baking Soda 2.1kg - Scratchless Cleaning (2970),30,130500,3915000,4306500,BAKING SODA,LOTTE GO VAP,LOTTE,20260119
26010000289,14/01/2026,LOTTE_CTHO,Công Ty Cổ Phần Trung Tâm Thương Mại Lotte Việt Nam - Chi Nhánh Cần Thơ,NV0133,Thảo Nguyên - MT ,2310008,Bột Đa Năng Baking Soda 2.1kg - Scratchless Cleaning (2970),6,130500,783000,861300.0000000001,BAKING SODA,LOTTE CAN THO,LOTTE,20260119
26010000028,02/01/2026,LOTTE_NTRANG,Công Ty Cổ Phần Trung Tâm Thương Mại Lotte Việt Nam - Chi Nhánh Nha Trang ,NV0133,Thảo Nguyên - MT ,2340002,Muối Nổi Rửa Rau Quả Baking Soda 340g (6592),12,70200,842400,926640.0000000001,BAKING SODA,LOTTE NHA TRANG,LOTTE,20260119
26010000039,02/01/2026,LOTTE_TBINH,Công Ty Cổ Phần Trung Tâm Thương Mại Lotte Việt Nam - Chi Nhánh Tân Bình,NV0133,Thảo Nguyên - MT ,2340002,Muối Nổi Rửa Rau Quả Baking Soda 340g (6592),12,70200,842400,926640.0000000001,BAKING SODA,LOTTE TAN BINH,LOTTE,20260119
26010000085,05/01/2026,LOTTE_ZTLEX,Công Ty Cổ Phần Trung Tâm Thương Mại Lotte Việt Nam - Chi Nhánh Tây Hồ ,NV0133,Thảo Nguyên - MT ,2340002,Muối Nổi Rửa Rau Quả Baking Soda 340g (6592),12,70200,842400,926640.0000000001,BAKING SODA,LOTTE ZTLEX,LOTTE,20260119
26010000086,05/01/2026,LOTTE_BDINH,Công Ty Cổ Phần Trung Tâm Thương Mại Lotte Việt Nam - Chi Nhánh Ba Đình ,NV0133,Thảo Nguyên - MT ,2340002,Muối Nổi Rửa Rau Quả Baking Soda 340g (6592),12,70200,842400,926640.0000000001,BAKING SODA,LOTTE BA DINH HA NOI,LOTTE,20260119
26010000088,05/01/2026,LOTTE_Q7,Công Ty Cổ Phần Trung Tâm Thương Mại Lotte Việt Nam,NV0133,Thảo Nguyên - MT ,2340002,Muối Nổi Rửa Rau Quả Baking Soda 340g (6592),24,70200,1684800,1853280.0000000002,BAKING SODA,LOTTE NAM SAI GON,LOTTE,20260119
26010000208,12/01/2026,LOTTE_ZTLEX,Công Ty Cổ Phần Trung Tâm Thương Mại Lotte Việt Nam - Chi Nhánh Tây Hồ ,NV0133,Thảo Nguyên - MT ,2340002,Muối Nổi Rửa Rau Quả Baking Soda 340g (6592),24,70200,1684800,1853280.0000000002,BAKING SODA,LOTTE ZTLEX,LOTTE,20260119
26010000222,13/01/2026,LOTTE_VTAU,Công Ty Cổ Phần Trung Tâm Thương Mại Lotte Việt Nam - Chi Nhánh Bà Rịa Vũng Tàu ,NV0133,Thảo Nguyên - MT ,2340002,Muối Nổi Rửa Rau Quả Baking Soda 340g (6592),12,70200,842400,926640.0000000001,BAKING SODA,LOTTE VUNG TAU,LOTTE,20260119
26010000290,14/01/2026,LOTTE_NTRANG,Công Ty Cổ Phần Trung Tâm Thương Mại Lotte Việt Nam - Chi Nhánh Nha Trang ,NV0133,Thảo Nguyên - MT ,2340002,Muối Nổi Rửa Rau Quả Baking Soda 340g (6592),24,70200,1684800,1853280.0000000002,BAKING SODA,LOTTE NHA TRANG,LOTTE,20260119
26010000028,02/01/2026,LOTTE_NTRANG,Công Ty Cổ Phần Trung Tâm Thương Mại Lotte Việt Nam - Chi Nhánh Nha Trang ,NV0133,Thảo Nguyên - MT ,2360001,Bột Khử Mùi Baking Soda 340g - Fresh-N-Natural (4604),12,45000,540000,594000,BAKING SODA,LOTTE NHA TRANG,LOTTE,20260119
26010000087,05/01/2026,LOTTE_VINH,Công Ty Cổ Phần Trung Tâm Thương Mại Lotte Việt Nam - Chi Nhánh Vinh,NV0133,Thảo Nguyên - MT ,2360001,Bột Khử Mùi Baking Soda 340g - Fresh-N-Natural (4604),12,45000,540000,594000,BAKING SODA,LOTTE VINH,LOTTE,20260119
26010000088,05/01/2026,LOTTE_Q7,Công Ty Cổ Phần Trung Tâm Thương Mại Lotte Việt Nam,NV0133,Thảo Nguyên - MT ,2360001,Bột Khử Mùi Baking Soda 340g - Fresh-N-Natural (4604),12,45000,540000,594000,BAKING SODA,LOTTE NAM SAI GON,LOTTE,20260119
26010000207,12/01/2026,LOTTE_DNANG,Công Ty Cổ Phần Trung Tâm Thương Mại Lotte Việt Nam - Chi Nhánh Đà Nẵng ,NV0133,Thảo Nguyên - MT ,2360001,Bột Khử Mùi Baking Soda 340g - Fresh-N-Natural (4604),12,40500,486000,534600,BAKING SODA,LOTTE DA NANG,LOTTE,20260119
26010000208,12/01/2026,LOTTE_ZTLEX,Công Ty Cổ Phần Trung Tâm Thương Mại Lotte Việt Nam - Chi Nhánh Tây Hồ ,NV0133,Thảo Nguyên - MT ,2360001,Bột Khử Mùi Baking Soda 340g - Fresh-N-Natural (4604),12,40500,486000,534600,BAKING SODA,LOTTE ZTLEX,LOTTE,20260119
26010000044,02/01/2026,LOTTE_VINH,Công Ty Cổ Phần Trung Tâm Thương Mại Lotte Việt Nam - Chi Nhánh Vinh,NV0133,Thảo Nguyên - MT ,6010003,Pin Fujitsu - LR03(2B) FU-W- FI - AAA     (3500),30,20000,600000,660000,FUJITSU,LOTTE VINH,LOTTE,20260119
26010000065,05/01/2026,LOTTE_PTHIET,Công Ty Cổ Phần Trung Tâm Thương Mại Lotte Việt Nam - Chi Nhánh Bình Thuận ,NV0133,Thảo Nguyên - MT ,6010003,Pin Fujitsu - LR03(2B) FU-W- FI - AAA     (3500),5,20000,100000,110000.00000000001,FUJITSU,LOTTE PHAN THIET,LOTTE,20260119
26010000066,05/01/2026,LOTTE_NTRANG,Công Ty Cổ Phần Trung Tâm Thương Mại Lotte Việt Nam - Chi Nhánh Nha Trang ,NV0133,Thảo Nguyên - MT ,6010003,Pin Fujitsu - LR03(2B) FU-W- FI - AAA     (3500),10,20000,200000,220000.00000000003,FUJITSU,LOTTE NHA TRANG,LOTTE,20260119
26010000075,05/01/2026,LOTTE_GVAP,Công Ty Cổ Phần Trung Tâm Thương Mại Lotte Việt Nam - Chi Nhánh Gò Vấp,NV0133,Thảo Nguyên - MT ,6010003,Pin Fujitsu - LR03(2B) FU-W- FI - AAA     (3500),20,20000,400000,440000.00000000006,FUJITSU,LOTTE GO VAP,LOTTE,20260119
26010000217,13/01/2026,LOTTE_PTHIET,Công Ty Cổ Phần Trung Tâm Thương Mại Lotte Việt Nam - Chi Nhánh Bình Thuận ,NV0133,Thảo Nguyên - MT ,6010003,Pin Fujitsu - LR03(2B) FU-W- FI - AAA     (3500),5,20000,100000,110000.00000000001,FUJITSU,LOTTE PHAN THIET,LOTTE,20260119
26010000017,02/01/2026,LOTTE_Q7,Công Ty Cổ Phần Trung Tâm Thương Mại Lotte Việt Nam,NV0133,Thảo Nguyên - MT ,6010014,Pin Fujitsu - LR03(4B+2B) FU-W-FI - AAA    (5504),29,39000,1131000,1244100,FUJITSU,LOTTE NAM SAI GON,LOTTE,20260119
26010000044,02/01/2026,LOTTE_VINH,Công Ty Cổ Phần Trung Tâm Thương Mại Lotte Việt Nam - Chi Nhánh Vinh,NV0133,Thảo Nguyên - MT ,6010014,Pin Fujitsu - LR03(4B+2B) FU-W-FI - AAA    (5504),30,39000,1170000,1287000,FUJITSU,LOTTE VINH,LOTTE,20260119
26010000065,05/01/2026,LOTTE_PTHIET,Công Ty Cổ Phần Trung Tâm Thương Mại Lotte Việt Nam - Chi Nhánh Bình Thuận ,NV0133,Thảo Nguyên - MT ,6010014,Pin Fujitsu - LR03(4B+2B) FU-W-FI - AAA    (5504),2,39000,78000,85800,FUJITSU,LOTTE PHAN THIET,LOTTE,20260119
26010000066,05/01/2026,LOTTE_NTRANG,Công Ty Cổ Phần Trung Tâm Thương Mại Lotte Việt Nam - Chi Nhánh Nha Trang ,NV0133,Thảo Nguyên - MT ,6010014,Pin Fujitsu - LR03(4B+2B) FU-W-FI - AAA    (5504),10,39000,390000,429000.00000000006,FUJITSU,LOTTE NHA TRANG,LOTTE,20260119
26010000067,05/01/2026,LOTTE_Q11,Công Ty Cổ Phần Trung Tâm Thương Mại  Lotte Việt Nam,NV0133,Thảo Nguyên - MT ,6010014,Pin Fujitsu - LR03(4B+2B) FU-W-FI - AAA    (5504),20,39000,780000,858000.0000000001,FUJITSU,LOTTE QUAN 11,LOTTE,20260119
26010000075,05/01/2026,LOTTE_GVAP,Công Ty Cổ Phần Trung Tâm Thương Mại Lotte Việt Nam - Chi Nhánh Gò Vấp,NV0133,Thảo Nguyên - MT ,6010014,Pin Fujitsu - LR03(4B+2B) FU-W-FI - AAA    (5504),20,39000,780000,858000.0000000001,FUJITSU,LOTTE GO VAP,LOTTE,20260119
26010000090,05/01/2026,LOTTE_GVAP,Công Ty Cổ Phần Trung Tâm Thương Mại Lotte Việt Nam - Chi Nhánh Gò Vấp,NV0133,Thảo Nguyên - MT ,6010014,Pin Fujitsu - LR03(4B+2B) FU-W-FI - AAA    (5504),21,39000,819000,900900.0000000001,FUJITSU,LOTTE GO VAP,LOTTE,20260119
26010000044,02/01/2026,LOTTE_VINH,Công Ty Cổ Phần Trung Tâm Thương Mại Lotte Việt Nam - Chi Nhánh Vinh,NV0133,Thảo Nguyên - MT ,6010032,Pin Fujitsu Premium - LR03(2B) FP-W-FI  - AAA    (0501),30,32000,960000,1056000,FUJITSU,LOTTE VINH,LOTTE,20260119
26010000066,05/01/2026,LOTTE_NTRANG,Công Ty Cổ Phần Trung Tâm Thương Mại Lotte Việt Nam - Chi Nhánh Nha Trang ,NV0133,Thảo Nguyên - MT ,6010032,Pin Fujitsu Premium - LR03(2B) FP-W-FI  - AAA    (0501),5,32000,160000,176000,FUJITSU,LOTTE NHA TRANG,LOTTE,20260119
26010000195,12/01/2026,LOTTE_NTRANG2,Công Ty Cổ Phần Trung Tâm Thương Mại Lotte Việt Nam - Chi Nhánh Nha Trang ,NV0133,Thảo Nguyên - MT ,6010035,Pin Fujitsu - LR03(4B+2B) FU-W-FI - AAA    (5504),10,39000,390000,429000.00000000006,FUJITSU,LOTTE NHA TRANG GOLD COAST,LOTTE,20260119
26010000205,12/01/2026,LOTTE_Q7,Công Ty Cổ Phần Trung Tâm Thương Mại Lotte Việt Nam,NV0133,Thảo Nguyên - MT ,6010035,Pin Fujitsu - LR03(4B+2B) FU-W-FI - AAA    (5504),30,39000,1170000,1287000,FUJITSU,LOTTE NAM SAI GON,LOTTE,20260119
26010000209,12/01/2026,LOTTE_Q7,Công Ty Cổ Phần Trung Tâm Thương Mại Lotte Việt Nam,NV0133,Thảo Nguyên - MT ,6010035,Pin Fujitsu - LR03(4B+2B) FU-W-FI - AAA    (5504),28,39000,1092000,1201200,FUJITSU,LOTTE NAM SAI GON,LOTTE,20260119
26010000044,02/01/2026,LOTTE_VINH,Công Ty Cổ Phần Trung Tâm Thương Mại Lotte Việt Nam - Chi Nhánh Vinh,NV0133,Thảo Nguyên - MT ,6040021,Pin Fujitsu - R6/2300(BP4) - 3N(4B)FJ-EUNAB - AA   (2306),40,20000,800000,880000.0000000001,FUJITSU,LOTTE VINH,LOTTE,20260119
26010000066,05/01/2026,LOTTE_NTRANG,Công Ty Cổ Phần Trung Tâm Thương Mại Lotte Việt Nam - Chi Nhánh Nha Trang ,NV0133,Thảo Nguyên - MT ,6040021,Pin Fujitsu - R6/2300(BP4) - 3N(4B)FJ-EUNAB - AA   (2306),10,20000,200000,220000.00000000003,FUJITSU,LOTTE NHA TRANG,LOTTE,20260119
26010000067,05/01/2026,LOTTE_Q11,Công Ty Cổ Phần Trung Tâm Thương Mại  Lotte Việt Nam,NV0133,Thảo Nguyên - MT ,6040021,Pin Fujitsu - R6/2300(BP4) - 3N(4B)FJ-EUNAB - AA   (2306),30,20000,600000,660000,FUJITSU,LOTTE QUAN 11,LOTTE,20260119
26010000075,05/01/2026,LOTTE_GVAP,Công Ty Cổ Phần Trung Tâm Thương Mại Lotte Việt Nam - Chi Nhánh Gò Vấp,NV0133,Thảo Nguyên - MT ,6040021,Pin Fujitsu - R6/2300(BP4) - 3N(4B)FJ-EUNAB - AA   (2306),30,20000,600000,660000,FUJITSU,LOTTE GO VAP,LOTTE,20260119
26010000090,05/01/2026,LOTTE_GVAP,Công Ty Cổ Phần Trung Tâm Thương Mại Lotte Việt Nam - Chi Nhánh Gò Vấp,NV0133,Thảo Nguyên - MT ,6040021,Pin Fujitsu - R6/2300(BP4) - 3N(4B)FJ-EUNAB - AA   (2306),8,20000,160000,176000,FUJITSU,LOTTE GO VAP,LOTTE,20260119
26010000091,05/01/2026,LOTTE_Q11,Công Ty Cổ Phần Trung Tâm Thương Mại  Lotte Việt Nam,NV0133,Thảo Nguyên - MT ,6040021,Pin Fujitsu - R6/2300(BP4) - 3N(4B)FJ-EUNAB - AA   (2306),19,20000,380000,418000.00000000006,FUJITSU,LOTTE QUAN 11,LOTTE,20260119
26010000205,12/01/2026,LOTTE_Q7,Công Ty Cổ Phần Trung Tâm Thương Mại Lotte Việt Nam,NV0133,Thảo Nguyên - MT ,6040021,Pin Fujitsu - R6/2300(BP4) - 3N(4B)FJ-EUNAB - AA   (2306),20,18000,360000,396000.00000000006,FUJITSU,LOTTE NAM SAI GON,LOTTE,20260119
26010000044,02/01/2026,LOTTE_VINH,Công Ty Cổ Phần Trung Tâm Thương Mại Lotte Việt Nam - Chi Nhánh Vinh,NV0133,Thảo Nguyên - MT ,6040022,Pin Fujitsu - R03/2400(BP4) - R03N(4B)FJEUNIC -  AAA   (3402),30,20000,600000,660000,FUJITSU,LOTTE VINH,LOTTE,20260119
26010000065,05/01/2026,LOTTE_PTHIET,Công Ty Cổ Phần Trung Tâm Thương Mại Lotte Việt Nam - Chi Nhánh Bình Thuận ,NV0133,Thảo Nguyên - MT ,6040022,Pin Fujitsu - R03/2400(BP4) - R03N(4B)FJEUNIC -  AAA   (3402),5,20000,100000,110000.00000000001,FUJITSU,LOTTE PHAN THIET,LOTTE,20260119
26010000066,05/01/2026,LOTTE_NTRANG,Công Ty Cổ Phần Trung Tâm Thương Mại Lotte Việt Nam - Chi Nhánh Nha Trang ,NV0133,Thảo Nguyên - MT ,6040022,Pin Fujitsu - R03/2400(BP4) - R03N(4B)FJEUNIC -  AAA   (3402),10,20000,200000,220000.00000000003,FUJITSU,LOTTE NHA TRANG,LOTTE,20260119
26010000067,05/01/2026,LOTTE_Q11,Công Ty Cổ Phần Trung Tâm Thương Mại  Lotte Việt Nam,NV0133,Thảo Nguyên - MT ,6040022,Pin Fujitsu - R03/2400(BP4) - R03N(4B)FJEUNIC -  AAA   (3402),10,20000,200000,220000.00000000003,FUJITSU,LOTTE QUAN 11,LOTTE,20260119
26010000075,05/01/2026,LOTTE_GVAP,Công Ty Cổ Phần Trung Tâm Thương Mại Lotte Việt Nam - Chi Nhánh Gò Vấp,NV0133,Thảo Nguyên - MT ,6040022,Pin Fujitsu - R03/2400(BP4) - R03N(4B)FJEUNIC -  AAA   (3402),30,20000,600000,660000,FUJITSU,LOTTE GO VAP,LOTTE,20260119
26010000090,05/01/2026,LOTTE_GVAP,Công Ty Cổ Phần Trung Tâm Thương Mại Lotte Việt Nam - Chi Nhánh Gò Vấp,NV0133,Thảo Nguyên - MT ,6040022,Pin Fujitsu - R03/2400(BP4) - R03N(4B)FJEUNIC -  AAA   (3402),16,20000,320000,352000,FUJITSU,LOTTE GO VAP,LOTTE,20260119
26010000195,12/01/2026,LOTTE_NTRANG2,Công Ty Cổ Phần Trung Tâm Thương Mại Lotte Việt Nam - Chi Nhánh Nha Trang ,NV0133,Thảo Nguyên - MT ,6040022,Pin Fujitsu - R03/2400(BP4) - R03N(4B)FJEUNIC -  AAA   (3402),10,18000,180000,198000.00000000003,FUJITSU,LOTTE NHA TRANG GOLD COAST,LOTTE,20260119
26010000217,13/01/2026,LOTTE_PTHIET,Công Ty Cổ Phần Trung Tâm Thương Mại Lotte Việt Nam - Chi Nhánh Bình Thuận ,NV0133,Thảo Nguyên - MT ,6040022,Pin Fujitsu - R03/2400(BP4) - R03N(4B)FJEUNIC -  AAA   (3402),10,18000,180000,198000.00000000003,FUJITSU,LOTTE PHAN THIET,LOTTE,20260119
26010000065,05/01/2026,LOTTE_PTHIET,Công Ty Cổ Phần Trung Tâm Thương Mại Lotte Việt Nam - Chi Nhánh Bình Thuận ,NV0133,Thảo Nguyên - MT ,6050002,Pin Fujitsu - R6(4B) F-GP - AA    (2115),40,16000,640000,704000,FUJITSU,LOTTE PHAN THIET,LOTTE,20260119
26010000066,05/01/2026,LOTTE_NTRANG,Công Ty Cổ Phần Trung Tâm Thương Mại Lotte Việt Nam - Chi Nhánh Nha Trang ,NV0133,Thảo Nguyên - MT ,6050002,Pin Fujitsu - R6(4B) F-GP - AA    (2115),10,16000,160000,176000,FUJITSU,LOTTE NHA TRANG,LOTTE,20260119
26010000067,05/01/2026,LOTTE_Q11,Công Ty Cổ Phần Trung Tâm Thương Mại  Lotte Việt Nam,NV0133,Thảo Nguyên - MT ,6050002,Pin Fujitsu - R6(4B) F-GP - AA    (2115),30,16000,480000,528000,FUJITSU,LOTTE QUAN 11,LOTTE,20260119
26010000075,05/01/2026,LOTTE_GVAP,Công Ty Cổ Phần Trung Tâm Thương Mại Lotte Việt Nam - Chi Nhánh Gò Vấp,NV0133,Thảo Nguyên - MT ,6050002,Pin Fujitsu - R6(4B) F-GP - AA    (2115),20,16000,320000,352000,FUJITSU,LOTTE GO VAP,LOTTE,20260119
26010000091,05/01/2026,LOTTE_Q11,Công Ty Cổ Phần Trung Tâm Thương Mại  Lotte Việt Nam,NV0133,Thảo Nguyên - MT ,6050002,Pin Fujitsu - R6(4B) F-GP - AA    (2115),17,16000,272000,299200,FUJITSU,LOTTE QUAN 11,LOTTE,20260119
26010000195,12/01/2026,LOTTE_NTRANG2,Công Ty Cổ Phần Trung Tâm Thương Mại Lotte Việt Nam - Chi Nhánh Nha Trang ,NV0133,Thảo Nguyên - MT ,6050002,Pin Fujitsu - R6(4B) F-GP - AA    (2115),20,16000,320000,352000,FUJITSU,LOTTE NHA TRANG GOLD COAST,LOTTE,20260119
26010000205,12/01/2026,LOTTE_Q7,Công Ty Cổ Phần Trung Tâm Thương Mại Lotte Việt Nam,NV0133,Thảo Nguyên - MT ,6050002,Pin Fujitsu - R6(4B) F-GP - AA    (2115),20,16000,320000,352000,FUJITSU,LOTTE NAM SAI GON,LOTTE,20260119
26010000217,13/01/2026,LOTTE_PTHIET,Công Ty Cổ Phần Trung Tâm Thương Mại Lotte Việt Nam - Chi Nhánh Bình Thuận ,NV0133,Thảo Nguyên - MT ,6050002,Pin Fujitsu - R6(4B) F-GP - AA    (2115),20,16000,320000,352000,FUJITSU,LOTTE PHAN THIET,LOTTE,20260119
26010000044,02/01/2026,LOTTE_VINH,Công Ty Cổ Phần Trung Tâm Thương Mại Lotte Việt Nam - Chi Nhánh Vinh,NV0133,Thảo Nguyên - MT ,6050004,Pin Fujitsu - R03(4B) F-GP - AAA     (3112),30,16000,480000,528000,FUJITSU,LOTTE VINH,LOTTE,20260119
26010000066,05/01/2026,LOTTE_NTRANG,Công Ty Cổ Phần Trung Tâm Thương Mại Lotte Việt Nam - Chi Nhánh Nha Trang ,NV0133,Thảo Nguyên - MT ,6050004,Pin Fujitsu - R03(4B) F-GP - AAA     (3112),10,16000,160000,176000,FUJITSU,LOTTE NHA TRANG,LOTTE,20260119
26010000067,05/01/2026,LOTTE_Q11,Công Ty Cổ Phần Trung Tâm Thương Mại  Lotte Việt Nam,NV0133,Thảo Nguyên - MT ,6050004,Pin Fujitsu - R03(4B) F-GP - AAA     (3112),20,16000,320000,352000,FUJITSU,LOTTE QUAN 11,LOTTE,20260119
26010000205,12/01/2026,LOTTE_Q7,Công Ty Cổ Phần Trung Tâm Thương Mại Lotte Việt Nam,NV0133,Thảo Nguyên - MT ,6050004,Pin Fujitsu - R03(4B) F-GP - AAA     (3112),30,16000,480000,528000,FUJITSU,LOTTE NAM SAI GON,LOTTE,20260119
26010000217,13/01/2026,LOTTE_PTHIET,Công Ty Cổ Phần Trung Tâm Thương Mại Lotte Việt Nam - Chi Nhánh Bình Thuận ,NV0133,Thảo Nguyên - MT ,6050004,Pin Fujitsu - R03(4B) F-GP - AAA     (3112),5,16000,80000,88000,FUJITSU,LOTTE PHAN THIET,LOTTE,20260119
26010000260,14/01/2026,LOTTE_BDINH,Công Ty Cổ Phần Trung Tâm Thương Mại Lotte Việt Nam - Chi Nhánh Ba Đình ,NV0130,Nam Phương - 0333719804,2310002,Bột Tẩy Rửa Đa Năng Baking Soda 226g - Scratchless Cleaning (1309),24,23000,552000,607200,BAKING SODA,LOTTE BA DINH HA NOI,LOTTE,20260119
26010000261,14/01/2026,LOTTE_PTHIET,Công Ty Cổ Phần Trung Tâm Thương Mại Lotte Việt Nam - Chi Nhánh Bình Thuận ,NV0130,Nam Phương - 0333719804,2310002,Bột Tẩy Rửa Đa Năng Baking Soda 226g - Scratchless Cleaning (1309),48,23000,1104000,1214400,BAKING SODA,LOTTE PHAN THIET,LOTTE,20260119
26010000262,14/01/2026,LOTTE_NTRANG2,Công Ty Cổ Phần Trung Tâm Thương Mại Lotte Việt Nam - Chi Nhánh Nha Trang ,NV0130,Nam Phương - 0333719804,2310002,Bột Tẩy Rửa Đa Năng Baking Soda 226g - Scratchless Cleaning (1309),24,23000,552000,607200,BAKING SODA,LOTTE NHA TRANG GOLD COAST,LOTTE,20260119
26010000260,14/01/2026,LOTTE_BDINH,Công Ty Cổ Phần Trung Tâm Thương Mại Lotte Việt Nam - Chi Nhánh Ba Đình ,NV0130,Nam Phương - 0333719804,2310004,Bột Đa Năng Baking Soda 500g - Scratchless Cleaning (2987),20,38700,774000,851400.0000000001,BAKING SODA,LOTTE BA DINH HA NOI,LOTTE,20260119
26010000261,14/01/2026,LOTTE_PTHIET,Công Ty Cổ Phần Trung Tâm Thương Mại Lotte Việt Nam - Chi Nhánh Bình Thuận ,NV0130,Nam Phương - 0333719804,2310004,Bột Đa Năng Baking Soda 500g - Scratchless Cleaning (2987),40,38700,1548000,1702800.0000000002,BAKING SODA,LOTTE PHAN THIET,LOTTE,20260119
26010000262,14/01/2026,LOTTE_NTRANG2,Công Ty Cổ Phần Trung Tâm Thương Mại Lotte Việt Nam - Chi Nhánh Nha Trang ,NV0130,Nam Phương - 0333719804,2310004,Bột Đa Năng Baking Soda 500g - Scratchless Cleaning (2987),20,38700,774000,851400.0000000001,BAKING SODA,LOTTE NHA TRANG GOLD COAST,LOTTE,20260119
26010000262,14/01/2026,LOTTE_NTRANG2,Công Ty Cổ Phần Trung Tâm Thương Mại Lotte Việt Nam - Chi Nhánh Nha Trang ,NV0130,Nam Phương - 0333719804,2310008,Bột Đa Năng Baking Soda 2.1kg - Scratchless Cleaning (2970),6,130500,783000,861300.0000000001,BAKING SODA,LOTTE NHA TRANG GOLD COAST,LOTTE,20260119
26010000260,14/01/2026,LOTTE_BDINH,Công Ty Cổ Phần Trung Tâm Thương Mại Lotte Việt Nam - Chi Nhánh Ba Đình ,NV0130,Nam Phương - 0333719804,2340002,Muối Nổi Rửa Rau Quả Baking Soda 340g (6592),12,70200,842400,926640.0000000001,BAKING SODA,LOTTE BA DINH HA NOI,LOTTE,20260119
26010000001,02/01/2026,LC_HCM,Công Ty Cổ Phần Dược Phẩm FPT Long Châu ,NV0133,Thảo Nguyên - MT ,6010003,Pin Fujitsu - LR03(2B) FU-W- FI - AAA     (3500),160,18000,2880000,3168000.0000000005,FUJITSU,LONG CHAU HCM,LONG CHAU,20260119
26010000243,13/01/2026,LC_HCM,Công Ty Cổ Phần Dược Phẩm FPT Long Châu ,NV0133,Thảo Nguyên - MT ,6040021,Pin Fujitsu - R6/2300(BP4) - 3N(4B)FJ-EUNAB - AA   (2306),1280,18000,23040000,25344000.000000004,FUJITSU,LONG CHAU HCM,LONG CHAU,20260119
26010000062,05/01/2026,6209,CÔNG TY CỔ PHẦN KING FOOD MARKET,NV0133,Thảo Nguyên - MT ,2310004,Bột Đa Năng Baking Soda 500g - Scratchless Cleaning (2987),240,36602,8784480,9662928,BAKING SODA,KING FOOD ,KING FOOD,20260119
26010000098,06/01/2026,6209,CÔNG TY CỔ PHẦN KING FOOD MARKET,NV0133,Thảo Nguyên - MT ,2310004,Bột Đa Năng Baking Soda 500g - Scratchless Cleaning (2987),200,32942,6588378,7247215.800000001,BAKING SODA,KING FOOD ,KING FOOD,20260119
26010000176,09/01/2026,6209,CÔNG TY CỔ PHẦN KING FOOD MARKET,NV0133,Thảo Nguyên - MT ,2310004,Bột Đa Năng Baking Soda 500g - Scratchless Cleaning (2987),120,32942,3953027,4348329.7,BAKING SODA,KING FOOD ,KING FOOD,20260119
26010000218,13/01/2026,6209,CÔNG TY CỔ PHẦN KING FOOD MARKET,NV0133,Thảo Nguyên - MT ,2310004,Bột Đa Năng Baking Soda 500g - Scratchless Cleaning (2987),300,32942,9882567,10870823.700000001,BAKING SODA,KING FOOD ,KING FOOD,20260119
26010000204,12/01/2026,JM_BVD,Công Ty Cổ Phần Thương Mại Dịch Vụ JM Quốc Tế,NV0133,Thảo Nguyên - MT ,2310002,Bột Tẩy Rửa Đa Năng Baking Soda 226g - Scratchless Cleaning (1309),20,23000,460000,506000.00000000006,BAKING SODA,J MART,J MART,20260119
26010000204,12/01/2026,JM_BVD,Công Ty Cổ Phần Thương Mại Dịch Vụ JM Quốc Tế,NV0133,Thảo Nguyên - MT ,2310004,Bột Đa Năng Baking Soda 500g - Scratchless Cleaning (2987),20,43000,860000,946000.0000000001,BAKING SODA,J MART,J MART,20260119
26010000204,12/01/2026,JM_BVD,Công Ty Cổ Phần Thương Mại Dịch Vụ JM Quốc Tế,NV0133,Thảo Nguyên - MT ,2340002,Muối Nổi Rửa Rau Quả Baking Soda 340g (6592),5,78000,390000,429000.00000000006,BAKING SODA,J MART,J MART,20260119
26010000191,09/01/2026,4032_TLGD,Cửa Hàng Tiện Lợi Gia Đình,NV0133,Thảo Nguyên - MT ,2310004,Bột Đa Năng Baking Soda 500g - Scratchless Cleaning (2987),10,41710,417100,458810.00000000006,BAKING SODA,HOME FRESH CUA HANG TIEN LOI GIA DINH,HOMEFRESH MART,20260119
26010000191,09/01/2026,4032_TLGD,Cửa Hàng Tiện Lợi Gia Đình,NV0133,Thảo Nguyên - MT ,6010035,Pin Fujitsu - LR03(4B+2B) FU-W-FI - AAA    (5504),10,37830,378300,416130.00000000006,FUJITSU,HOME FRESH CUA HANG TIEN LOI GIA DINH,HOMEFRESH MART,20260119
26010000191,09/01/2026,4032_TLGD,Cửa Hàng Tiện Lợi Gia Đình,NV0133,Thảo Nguyên - MT ,6040021,Pin Fujitsu - R6/2300(BP4) - 3N(4B)FJ-EUNAB - AA   (2306),30,19400,582000,640200,FUJITSU,HOME FRESH CUA HANG TIEN LOI GIA DINH,HOMEFRESH MART,20260119
26010000191,09/01/2026,4032_TLGD,Cửa Hàng Tiện Lợi Gia Đình,NV0133,Thảo Nguyên - MT ,6050002,Pin Fujitsu - R6(4B) F-GP - AA    (2115),20,15520,310400,341440,FUJITSU,HOME FRESH CUA HANG TIEN LOI GIA DINH,HOMEFRESH MART,20260119
26010000022,02/01/2026,LAC,Công Ty TNHH Một Thành Viên Thương Mại Và Đầu Tư Liên Á Châu,NV0130,Nam Phương - 0333719804,2430002,Gel dưỡng ấm chống nắng  toàn thân  - Azarine Sunscreen Magical LUV - SPF 50 - 100ml  (Tím) (2439),6,99000,594000,653400,AZARINE,GUARDIAN KHO,GUARDIAN,20260119
26010000082,05/01/2026,SD_TDGREEN,Công ty TNHH Phân Phối Sành Điệu,NV0133,Thảo Nguyên - MT ,2310002,Bột Tẩy Rửa Đa Năng Baking Soda 226g - Scratchless Cleaning (1309),3,23333,69999,76998.90000000001,BAKING SODA,ANNAM GOURMET THAO DIEN GREEN ,AN NAM,20260119
26010000082,05/01/2026,SD_TDGREEN,Công ty TNHH Phân Phối Sành Điệu,NV0133,Thảo Nguyên - MT ,2310004,Bột Đa Năng Baking Soda 500g - Scratchless Cleaning (2987),5,43704,218520,240372.00000000003,BAKING SODA,ANNAM GOURMET THAO DIEN GREEN ,AN NAM,20260119
26010000082,05/01/2026,SD_TDGREEN,Công ty TNHH Phân Phối Sành Điệu,NV0133,Thảo Nguyên - MT ,2310008,Bột Đa Năng Baking Soda 2.1kg - Scratchless Cleaning (2970),3,147407,442221,486443.10000000003,BAKING SODA,ANNAM GOURMET THAO DIEN GREEN ,AN NAM,20260119
26010000082,05/01/2026,SD_TDGREEN,Công ty TNHH Phân Phối Sành Điệu,NV0133,Thảo Nguyên - MT ,6040021,Pin Fujitsu - R6/2300(BP4) - 3N(4B)FJ-EUNAB - AA   (2306),3,21111,63333,69666.3,FUJITSU,ANNAM GOURMET THAO DIEN GREEN ,AN NAM,20260119
26010000082,05/01/2026,SD_TDGREEN,Công ty TNHH Phân Phối Sành Điệu,NV0133,Thảo Nguyên - MT ,6040021,Pin Fujitsu - R6/2300(BP4) - 3N(4B)FJ-EUNAB - AA   (2306),3,21111,63333,69666.3,FUJITSU,ANNAM GOURMET THAO DIEN GREEN ,AN NAM,20260119
26010000020,02/01/2026,4812_THISO,CÔNG TY TNHH THISO RETAIL,NV0130,Nam Phương - 0333719804,6010003,Pin Fujitsu - LR03(2B) FU-W- FI - AAA     (3500),30,20000,600000,660000,FUJITSU,CÔNG TY TNHH THISO RETAIL,EMART,20260119
26010000302,16/01/2026,4812_THISO,CÔNG TY TNHH THISO RETAIL,NV0130,Nam Phương - 0333719804,6010003,Pin Fujitsu - LR03(2B) FU-W- FI - AAA     (3500),30,20000,600000,660000,FUJITSU,CÔNG TY TNHH THISO RETAIL,EMART,20260119
26010000021,02/01/2026,4812_PHI,CÔNG TY TNHH THISO RETAIL,NV0130,Nam Phương - 0333719804,6010007,Pin Fujitsu - LR03(6B) FU-W-FI - AAA    (5807),30,56000,1680000,1848000.0000000002,FUJITSU,EMART PHAN HUY ICH,EMART,20260119
26010000177,09/01/2026,4812_THISO,CÔNG TY TNHH THISO RETAIL,NV0130,Nam Phương - 0333719804,6010007,Pin Fujitsu - LR03(6B) FU-W-FI - AAA    (5807),30,56000,1680000,1848000.0000000002,FUJITSU,CÔNG TY TNHH THISO RETAIL,EMART,20260119
26010000020,02/01/2026,4812_THISO,CÔNG TY TNHH THISO RETAIL,NV0130,Nam Phương - 0333719804,6040021,Pin Fujitsu - R6/2300(BP4) - 3N(4B)FJ-EUNAB - AA   (2306),50,20000,1000000,1100000,FUJITSU,CÔNG TY TNHH THISO RETAIL,EMART,20260119
26010000177,09/01/2026,4812_THISO,CÔNG TY TNHH THISO RETAIL,NV0130,Nam Phương - 0333719804,6040021,Pin Fujitsu - R6/2300(BP4) - 3N(4B)FJ-EUNAB - AA   (2306),50,20000,1000000,1100000,FUJITSU,CÔNG TY TNHH THISO RETAIL,EMART,20260119
26010000186,09/01/2026,4812_THISO,CÔNG TY TNHH THISO RETAIL,NV0130,Nam Phương - 0333719804,6040021,Pin Fujitsu - R6/2300(BP4) - 3N(4B)FJ-EUNAB - AA   (2306),50,20000,1000000,1100000,FUJITSU,CÔNG TY TNHH THISO RETAIL,EMART,20260119
26010000020,02/01/2026,4812_THISO,CÔNG TY TNHH THISO RETAIL,NV0130,Nam Phương - 0333719804,6040022,Pin Fujitsu - R03/2400(BP4) - R03N(4B)FJEUNIC -  AAA   (3402),50,20000,1000000,1100000,FUJITSU,CÔNG TY TNHH THISO RETAIL,EMART,20260119
26010000177,09/01/2026,4812_THISO,CÔNG TY TNHH THISO RETAIL,NV0130,Nam Phương - 0333719804,6040022,Pin Fujitsu - R03/2400(BP4) - R03N(4B)FJEUNIC -  AAA   (3402),50,20000,1000000,1100000,FUJITSU,CÔNG TY TNHH THISO RETAIL,EMART,20260119
26010000186,09/01/2026,4812_THISO,CÔNG TY TNHH THISO RETAIL,NV0130,Nam Phương - 0333719804,6040022,Pin Fujitsu - R03/2400(BP4) - R03N(4B)FJEUNIC -  AAA   (3402),50,20000,1000000,1100000,FUJITSU,CÔNG TY TNHH THISO RETAIL,EMART,20260119
26010000020,02/01/2026,4812_THISO,CÔNG TY TNHH THISO RETAIL,NV0130,Nam Phương - 0333719804,6050002,Pin Fujitsu - R6(4B) F-GP - AA    (2115),50,16000,800000,880000.0000000001,FUJITSU,CÔNG TY TNHH THISO RETAIL,EMART,20260119
26010000178,09/01/2026,4812_PHI,CÔNG TY TNHH THISO RETAIL,NV0130,Nam Phương - 0333719804,6050002,Pin Fujitsu - R6(4B) F-GP - AA    (2115),30,16000,480000,528000,FUJITSU,EMART PHAN HUY ICH,EMART,20260119
26010000302,16/01/2026,4812_THISO,CÔNG TY TNHH THISO RETAIL,NV0130,Nam Phương - 0333719804,6050002,Pin Fujitsu - R6(4B) F-GP - AA    (2115),100,16000,1600000,1760000.0000000002,FUJITSU,CÔNG TY TNHH THISO RETAIL,EMART,20260119
26010000020,02/01/2026,4812_THISO,CÔNG TY TNHH THISO RETAIL,NV0130,Nam Phương - 0333719804,6050004,Pin Fujitsu - R03(4B) F-GP - AAA     (3112),50,16000,800000,880000.0000000001,FUJITSU,CÔNG TY TNHH THISO RETAIL,EMART,20260119
26010000178,09/01/2026,4812_PHI,CÔNG TY TNHH THISO RETAIL,NV0130,Nam Phương - 0333719804,6050004,Pin Fujitsu - R03(4B) F-GP - AAA     (3112),30,16000,480000,528000,FUJITSU,EMART PHAN HUY ICH,EMART,20260119
26010000302,16/01/2026,4812_THISO,CÔNG TY TNHH THISO RETAIL,NV0130,Nam Phương - 0333719804,6050004,Pin Fujitsu - R03(4B) F-GP - AAA     (3112),50,16000,800000,880000.0000000001,FUJITSU,CÔNG TY TNHH THISO RETAIL,EMART,20260119
26010000016,02/01/2026,6710,CÔNG TY TNHH THƯƠNG MẠI DỊCH VỤ NNK,NV0133,Thảo Nguyên - MT ,2310002,Bột Tẩy Rửa Đa Năng Baking Soda 226g - Scratchless Cleaning (1309),12,23000,276000,303600,BAKING SODA,CÔNG TY TNHH THƯƠNG MẠI DỊCH VỤ NNK,CÔNG TY TNHH THƯƠNG MẠI DỊCH VỤ NNK,20260119
26010000016,02/01/2026,6710,CÔNG TY TNHH THƯƠNG MẠI DỊCH VỤ NNK,NV0133,Thảo Nguyên - MT ,2310004,Bột Đa Năng Baking Soda 500g - Scratchless Cleaning (2987),10,43000,430000,473000.00000000006,BAKING SODA,CÔNG TY TNHH THƯƠNG MẠI DỊCH VỤ NNK,CÔNG TY TNHH THƯƠNG MẠI DỊCH VỤ NNK,20260119
26010000016,02/01/2026,6710,CÔNG TY TNHH THƯƠNG MẠI DỊCH VỤ NNK,NV0133,Thảo Nguyên - MT ,2340002,Muối Nổi Rửa Rau Quả Baking Soda 340g (6592),6,78000,468000,514800.00000000006,BAKING SODA,CÔNG TY TNHH THƯƠNG MẠI DỊCH VỤ NNK,CÔNG TY TNHH THƯƠNG MẠI DỊCH VỤ NNK,20260119
26010000016,02/01/2026,6710,CÔNG TY TNHH THƯƠNG MẠI DỊCH VỤ NNK,NV0133,Thảo Nguyên - MT ,6050002,Pin Fujitsu - R6(4B) F-GP - AA    (2115),12,16000,192000,211200.00000000003,FUJITSU,CÔNG TY TNHH THƯƠNG MẠI DỊCH VỤ NNK,CÔNG TY TNHH THƯƠNG MẠI DỊCH VỤ NNK,20260119
26010000016,02/01/2026,6710,CÔNG TY TNHH THƯƠNG MẠI DỊCH VỤ NNK,NV0133,Thảo Nguyên - MT ,6050004,Pin Fujitsu - R03(4B) F-GP - AAA     (3112),12,16000,192000,211200.00000000003,FUJITSU,CÔNG TY TNHH THƯƠNG MẠI DỊCH VỤ NNK,CÔNG TY TNHH THƯƠNG MẠI DỊCH VỤ NNK,20260119
26010000008,02/01/2026,6760,CÔNG TY TNHH KINGKONG PQ,NV0133,Thảo Nguyên - MT ,6010014,Pin Fujitsu - LR03(4B+2B) FU-W-FI - AAA    (5504),60,37050,2223000,2445300,FUJITSU,CÔNG TY TNHH KINGKONG PQ,CÔNG TY TNHH KINGKONG PQ,20260119
26010000008,02/01/2026,6760,CÔNG TY TNHH KINGKONG PQ,NV0133,Thảo Nguyên - MT ,6040021,Pin Fujitsu - R6/2300(BP4) - 3N(4B)FJ-EUNAB - AA   (2306),60,20000,1200000,1320000,FUJITSU,CÔNG TY TNHH KINGKONG PQ,CÔNG TY TNHH KINGKONG PQ,20260119
26010000301,16/01/2026,6760,CÔNG TY TNHH KINGKONG PQ,NV0133,Thảo Nguyên - MT ,6040021,Pin Fujitsu - R6/2300(BP4) - 3N(4B)FJ-EUNAB - AA   (2306),100,20000,2000000,2200000,FUJITSU,CÔNG TY TNHH KINGKONG PQ,CÔNG TY TNHH KINGKONG PQ,20260119
26010000008,02/01/2026,6760,CÔNG TY TNHH KINGKONG PQ,NV0133,Thảo Nguyên - MT ,6040022,Pin Fujitsu - R03/2400(BP4) - R03N(4B)FJEUNIC -  AAA   (3402),30,20000,600000,660000,FUJITSU,CÔNG TY TNHH KINGKONG PQ,CÔNG TY TNHH KINGKONG PQ,20260119
26010000008,02/01/2026,6760,CÔNG TY TNHH KINGKONG PQ,NV0133,Thảo Nguyên - MT ,6050002,Pin Fujitsu - R6(4B) F-GP - AA    (2115),150,15200,2280000,2508000,FUJITSU,CÔNG TY TNHH KINGKONG PQ,CÔNG TY TNHH KINGKONG PQ,20260119
26010000301,16/01/2026,6760,CÔNG TY TNHH KINGKONG PQ,NV0133,Thảo Nguyên - MT ,6050004,Pin Fujitsu - R03(4B) F-GP - AAA     (3112),30,15200,456000,501600.00000000006,FUJITSU,CÔNG TY TNHH KINGKONG PQ,CÔNG TY TNHH KINGKONG PQ,20260119
26010000023,02/01/2026,COOP_PLK,Liên Hiệp HTX TM TP.HCM,NV0025,Minh Tuân (Mar) - 0916.911.885,2310002,Bột Tẩy Rửa Đa Năng Baking Soda 226g - Scratchless Cleaning (1309),96,23000,2208000,2428800,BAKING SODA,COOP PLEIKU,COOP MART,20260119
26010000029,02/01/2026,COOP_RMIEU,Liên Hiệp HTX TM TP.HCM,NV0025,Minh Tuân (Mar) - 0916.911.885,2310002,Bột Tẩy Rửa Đa Năng Baking Soda 226g - Scratchless Cleaning (1309),48,23000,1104000,1214400,BAKING SODA,COOP RACH MIEU,COOP MART,20260119
26010000030,02/01/2026,COOP_NLOC,Liên Hiệp HTX TM TP.HCM,NV0025,Minh Tuân (Mar) - 0916.911.885,2310002,Bột Tẩy Rửa Đa Năng Baking Soda 226g - Scratchless Cleaning (1309),24,23000,552000,607200,BAKING SODA,COOP NHIEU LOC,COOP MART,20260119
26010000032,02/01/2026,COOP_VTRI,Liên Hiệp HTX TM TP.HCM,NV0025,Minh Tuân (Mar) - 0916.911.885,2310002,Bột Tẩy Rửa Đa Năng Baking Soda 226g - Scratchless Cleaning (1309),12,23000,276000,303600,BAKING SODA,COOP VIET TRI,COOP MART,20260119
26010000049,05/01/2026,COOP_PYEN,Liên Hiệp HTX TM TP.HCM,NV0025,Minh Tuân (Mar) - 0916.911.885,2310002,Bột Tẩy Rửa Đa Năng Baking Soda 226g - Scratchless Cleaning (1309),72,23000,1656000,1821600.0000000002,BAKING SODA,COOP TUY HOA PHU YEN,COOP MART,20260119
26010000050,05/01/2026,COOP_NTRANG,Liên Hiệp HTX TM TP.HCM,NV0025,Minh Tuân (Mar) - 0916.911.885,2310002,Bột Tẩy Rửa Đa Năng Baking Soda 226g - Scratchless Cleaning (1309),48,23000,1104000,1214400,BAKING SODA,COOP NHA TRANG,COOP MART,20260119
26010000051,05/01/2026,COOP_LX,Liên Hiệp HTX TM TP.HCM,NV0025,Minh Tuân (Mar) - 0916.911.885,2310002,Bột Tẩy Rửa Đa Năng Baking Soda 226g - Scratchless Cleaning (1309),72,23000,1656000,1821600.0000000002,BAKING SODA,COOP LONG XUYEN AN GIANG,COOP MART,20260119
26010000052,05/01/2026,COOP_CTHO,Liên Hiệp HTX TM TP.HCM,NV0025,Minh Tuân (Mar) - 0916.911.885,2310002,Bột Tẩy Rửa Đa Năng Baking Soda 226g - Scratchless Cleaning (1309),48,23000,1104000,1214400,BAKING SODA,COOP CAN THO,COOP MART,20260119
26010000054,05/01/2026,COOP_BDUONG,Liên Hiệp HTX TM TP.HCM,NV0025,Minh Tuân (Mar) - 0916.911.885,2310002,Bột Tẩy Rửa Đa Năng Baking Soda 226g - Scratchless Cleaning (1309),120,23000,2760000,3036000.0000000005,BAKING SODA,COOP BINH DUONG,COOP MART,20260119
26010000055,05/01/2026,COOP_MTHO,Liên Hiệp HTX TM TP.HCM,NV0025,Minh Tuân (Mar) - 0916.911.885,2310002,Bột Tẩy Rửa Đa Năng Baking Soda 226g - Scratchless Cleaning (1309),24,23000,552000,607200,BAKING SODA,COOP MY THO TIEN GIANG,COOP MART,20260119
26010000071,05/01/2026,COOP_DVC,Liên Hiệp HTX TM TP.HCM,NV0025,Minh Tuân (Mar) - 0916.911.885,2310002,Bột Tẩy Rửa Đa Năng Baking Soda 226g - Scratchless Cleaning (1309),24,23000,552000,607200,BAKING SODA,COOP DONG VAN CONG,COOP MART,20260119
26010000073,05/01/2026,COOP_PNHUAN,Liên Hiệp HTX TM TP.HCM,NV0025,Minh Tuân (Mar) - 0916.911.885,2310002,Bột Tẩy Rửa Đa Năng Baking Soda 226g - Scratchless Cleaning (1309),12,23000,276000,303600,BAKING SODA,COOP NGUYEN KIEM,COOP MART,20260119
26010000077,05/01/2026,COOP_BLOC,Liên Hiệp HTX TM TP.HCM,NV0025,Minh Tuân (Mar) - 0916.911.885,2310002,Bột Tẩy Rửa Đa Năng Baking Soda 226g - Scratchless Cleaning (1309),72,23000,1656000,1821600.0000000002,BAKING SODA,COOP BAO LOC,COOP MART,20260119
26010000078,05/01/2026,COOP_BLIEU2,Liên Hiệp HTX TM TP.HCM,NV0025,Minh Tuân (Mar) - 0916.911.885,2310002,Bột Tẩy Rửa Đa Năng Baking Soda 226g - Scratchless Cleaning (1309),48,23000,1104000,1214400,BAKING SODA,COOP BAC LIEU 2,COOP MART,20260119
26010000079,05/01/2026,COOP_AUC_CTHANG,Liên Hiệp HTX TM TP.HCM,NV0025,Minh Tuân (Mar) - 0916.911.885,2310002,Bột Tẩy Rửa Đa Năng Baking Soda 226g - Scratchless Cleaning (1309),24,23000,552000,607200,BAKING SODA,COOP CAO THANG,COOP MART,20260119
26010000081,05/01/2026,COOP_NDC,Liên Hiệp HTX TM TP.HCM,NV0025,Minh Tuân (Mar) - 0916.911.885,2310002,Bột Tẩy Rửa Đa Năng Baking Soda 226g - Scratchless Cleaning (1309),24,23000,552000,607200,BAKING SODA,COOP NGUYEN DINH CHIEU,COOP MART,20260119
26010000084,05/01/2026,COOP_XLHN,Liên Hiệp HTX TM TP.HCM,NV0025,Minh Tuân (Mar) - 0916.911.885,2310002,Bột Tẩy Rửa Đa Năng Baking Soda 226g - Scratchless Cleaning (1309),48,23000,1104000,1214400,BAKING SODA,COOP XA LO HA NOI,COOP MART,20260119
26010000095,06/01/2026,COOP_AUC_VICTORIA,Liên Hiệp HTX TM TP.HCM,NV0025,Minh Tuân (Mar) - 0916.911.885,2310002,Bột Tẩy Rửa Đa Năng Baking Soda 226g - Scratchless Cleaning (1309),24,23000,552000,607200,BAKING SODA,COOP VICTORIA,COOP MART,20260119
26010000096,06/01/2026,COOP_AUC_GOLDSILK,Liên Hiệp HTX TM TP.HCM,NV0025,Minh Tuân (Mar) - 0916.911.885,2310002,Bột Tẩy Rửa Đa Năng Baking Soda 226g - Scratchless Cleaning (1309),20,23000,460000,506000.00000000006,BAKING SODA,COOP GOLDSILK,COOP MART,20260119
26010000097,06/01/2026,COOP_TBIEN,Liên Hiệp HTX TM TP.HCM,NV0025,Minh Tuân (Mar) - 0916.911.885,2310002,Bột Tẩy Rửa Đa Năng Baking Soda 226g - Scratchless Cleaning (1309),24,23000,552000,607200,BAKING SODA,COOP TAN BIEN,COOP MART,20260119
26010000103,06/01/2026,COOP_LAGI,Liên Hiệp HTX TM TP.HCM,NV0025,Minh Tuân (Mar) - 0916.911.885,2310002,Bột Tẩy Rửa Đa Năng Baking Soda 226g - Scratchless Cleaning (1309),24,23000,552000,607200,BAKING SODA,COOP LAGI BINH THUAN,COOP MART,20260119
26010000104,06/01/2026,COOP_DNONG,Liên Hiệp HTX TM TP.HCM,NV0025,Minh Tuân (Mar) - 0916.911.885,2310002,Bột Tẩy Rửa Đa Năng Baking Soda 226g - Scratchless Cleaning (1309),24,23000,552000,607200,BAKING SODA,COOP DAK NONG,COOP MART,20260119
26010000105,06/01/2026,COOP_VYEN,Liên Hiệp HTX TM TP.HCM,NV0025,Minh Tuân (Mar) - 0916.911.885,2310002,Bột Tẩy Rửa Đa Năng Baking Soda 226g - Scratchless Cleaning (1309),24,23000,552000,607200,BAKING SODA,COOP MART VU YEN,COOP MART,20260119
26010000108,06/01/2026,COOP_CQUYNH,Liên Hiệp HTX TM TP.HCM,NV0025,Minh Tuân (Mar) - 0916.911.885,2310002,Bột Tẩy Rửa Đa Năng Baking Soda 226g - Scratchless Cleaning (1309),48,23000,1104000,1214400,BAKING SODA,COOP CONG QUYNH,COOP MART,20260119
26010000110,06/01/2026,COOP_LBINH,Liên Hiệp HTX TM TP.HCM,NV0025,Minh Tuân (Mar) - 0916.911.885,2310002,Bột Tẩy Rửa Đa Năng Baking Soda 226g - Scratchless Cleaning (1309),72,23000,1656000,1821600.0000000002,BAKING SODA,COOP MART LONG BINH,COOP MART,20260119
26010000111,06/01/2026,COOP_COSA,Liên Hiệp HTX TM TP.HCM,NV0025,Minh Tuân (Mar) - 0916.911.885,2310002,Bột Tẩy Rửa Đa Năng Baking Soda 226g - Scratchless Cleaning (1309),24,23000,552000,607200,BAKING SODA,COOP QUANG TRUNG,COOP MART,20260119
26010000121,06/01/2026,COOP_KTUM,Liên Hiệp HTX TM TP.HCM,NV0025,Minh Tuân (Mar) - 0916.911.885,2310002,Bột Tẩy Rửa Đa Năng Baking Soda 226g - Scratchless Cleaning (1309),48,23000,1104000,1214400,BAKING SODA,COOP KONTUM,COOP MART,20260119
26010000146,07/01/2026,COOP_VTHANH,Liên Hiệp HTX TM TP.HCM,NV0025,Minh Tuân (Mar) - 0916.911.885,2310002,Bột Tẩy Rửa Đa Năng Baking Soda 226g - Scratchless Cleaning (1309),24,23000,552000,607200,BAKING SODA,COOP VAN THANH,COOP MART,20260119
26010000152,07/01/2026,COOP_TBANG,Liên Hiệp HTX TM TP.HCM,NV0025,Minh Tuân (Mar) - 0916.911.885,2310002,Bột Tẩy Rửa Đa Năng Baking Soda 226g - Scratchless Cleaning (1309),96,23000,2208000,2428800,BAKING SODA,COOP TRANG BANG,COOP MART,20260119
26010000167,08/01/2026,COOP_BLUC,Liên Hiệp HTX TM TP.HCM,NV0025,Minh Tuân (Mar) - 0916.911.885,2310002,Bột Tẩy Rửa Đa Năng Baking Soda 226g - Scratchless Cleaning (1309),48,23000,1104000,1214400,BAKING SODA,COOP BEN LUC,COOP MART,20260119
26010000171,08/01/2026,COOP_DPHO,Liên Hiệp HTX TM TP.HCM,NV0025,Minh Tuân (Mar) - 0916.911.885,2310002,Bột Tẩy Rửa Đa Năng Baking Soda 226g - Scratchless Cleaning (1309),24,23000,552000,607200,BAKING SODA,COOP DUC PHO QUANG NGAI,COOP MART,20260119
26010000174,09/01/2026,COOP_NDC,Liên Hiệp HTX TM TP.HCM,NV0025,Minh Tuân (Mar) - 0916.911.885,2310002,Bột Tẩy Rửa Đa Năng Baking Soda 226g - Scratchless Cleaning (1309),24,23000,552000,607200,BAKING SODA,COOP NGUYEN DINH CHIEU,COOP MART,20260119
26010000203,12/01/2026,COOP_PNHUAN,Liên Hiệp HTX TM TP.HCM,NV0025,Minh Tuân (Mar) - 0916.911.885,2310002,Bột Tẩy Rửa Đa Năng Baking Soda 226g - Scratchless Cleaning (1309),24,23000,552000,607200,BAKING SODA,COOP NGUYEN KIEM,COOP MART,20260119
26010000211,12/01/2026,COOP_NBINH,Liên Hiệp HTX TM TP.HCM,NV0025,Minh Tuân (Mar) - 0916.911.885,2310002,Bột Tẩy Rửa Đa Năng Baking Soda 226g - Scratchless Cleaning (1309),24,23000,552000,607200,BAKING SODA,COOP NGUYEN BINH,COOP MART,20260119
26010000214,13/01/2026,COOP_DHAI,Liên Hiệp HTX TM TP.HCM,NV0025,Minh Tuân (Mar) - 0916.911.885,2310002,Bột Tẩy Rửa Đa Năng Baking Soda 226g - Scratchless Cleaning (1309),24,23000,552000,607200,BAKING SODA,COOP DUYEN HAI TRA VINH,COOP MART,20260119
26010000215,13/01/2026,COOP_QNGAI,Liên Hiệp HTX TM TP.HCM,NV0025,Minh Tuân (Mar) - 0916.911.885,2310002,Bột Tẩy Rửa Đa Năng Baking Soda 226g - Scratchless Cleaning (1309),120,23000,2760000,3036000.0000000005,BAKING SODA,COOP QUANG NGAI,COOP MART,20260119
26010000216,13/01/2026,COOP_LTK,Liên Hiệp HTX TM TP.HCM,NV0025,Minh Tuân (Mar) - 0916.911.885,2310002,Bột Tẩy Rửa Đa Năng Baking Soda 226g - Scratchless Cleaning (1309),48,23000,1104000,1214400,BAKING SODA,COOP LY THUONG KIET,COOP MART,20260119
26010000220,13/01/2026,COOP_DVC,Liên Hiệp HTX TM TP.HCM,NV0025,Minh Tuân (Mar) - 0916.911.885,2310002,Bột Tẩy Rửa Đa Năng Baking Soda 226g - Scratchless Cleaning (1309),48,23000,1104000,1214400,BAKING SODA,COOP DONG VAN CONG,COOP MART,20260119
26010000227,13/01/2026,COOP_NLOC,Liên Hiệp HTX TM TP.HCM,NV0025,Minh Tuân (Mar) - 0916.911.885,2310002,Bột Tẩy Rửa Đa Năng Baking Soda 226g - Scratchless Cleaning (1309),24,23000,552000,607200,BAKING SODA,COOP NHIEU LOC,COOP MART,20260119
26010000242,13/01/2026,COOP_AGIANG,Liên Hiệp HTX TM TP.HCM,NV0025,Minh Tuân (Mar) - 0916.911.885,2310002,Bột Tẩy Rửa Đa Năng Baking Soda 226g - Scratchless Cleaning (1309),24,23000,552000,607200,BAKING SODA,COOP TAN CHAU AN GIANG,COOP MART,20260119
26010000300,15/01/2026,COOP_BHOA,Liên Hiệp HTX TM TP.HCM,NV0025,Minh Tuân (Mar) - 0916.911.885,2310002,Bột Tẩy Rửa Đa Năng Baking Soda 226g - Scratchless Cleaning (1309),48,23000,1104000,1214400,BAKING SODA,COOP BIEN HOA,COOP MART,20260119
26010000305,16/01/2026,COOP_BGIANG,Liên Hiệp HTX TM TP.HCM,NV0025,Minh Tuân (Mar) - 0916.911.885,2310002,Bột Tẩy Rửa Đa Năng Baking Soda 226g - Scratchless Cleaning (1309),48,23000,1104000,1214400,BAKING SODA,COOP BAC GIANG,COOP MART,20260119
26010000306,16/01/2026,COOP_BTAN2,Liên Hiệp HTX TM TP.HCM,NV0025,Minh Tuân (Mar) - 0916.911.885,2310002,Bột Tẩy Rửa Đa Năng Baking Soda 226g - Scratchless Cleaning (1309),48,23000,1104000,1214400,BAKING SODA,COOP BINH TAN 2,COOP MART,20260119
26010000309,16/01/2026,COOP_CGIO,Liên Hiệp HTX TM TP.HCM,NV0025,Minh Tuân (Mar) - 0916.911.885,2310002,Bột Tẩy Rửa Đa Năng Baking Soda 226g - Scratchless Cleaning (1309),24,23000,552000,607200,BAKING SODA,COOP CAN GIO,COOP MART,20260119
26010000026,02/01/2026,COOP_PTHIET,Liên Hiệp HTX TM TP.HCM,NV0025,Minh Tuân (Mar) - 0916.911.885,2310004,Bột Đa Năng Baking Soda 500g - Scratchless Cleaning (2987),60,43000,2580000,2838000,BAKING SODA,COOP PHAN THIET ,COOP MART,20260119
26010000049,05/01/2026,COOP_PYEN,Liên Hiệp HTX TM TP.HCM,NV0025,Minh Tuân (Mar) - 0916.911.885,2310004,Bột Đa Năng Baking Soda 500g - Scratchless Cleaning (2987),40,43000,1720000,1892000.0000000002,BAKING SODA,COOP TUY HOA PHU YEN,COOP MART,20260119
26010000052,05/01/2026,COOP_CTHO,Liên Hiệp HTX TM TP.HCM,NV0025,Minh Tuân (Mar) - 0916.911.885,2310004,Bột Đa Năng Baking Soda 500g - Scratchless Cleaning (2987),60,43000,2580000,2838000,BAKING SODA,COOP CAN THO,COOP MART,20260119
26010000073,05/01/2026,COOP_PNHUAN,Liên Hiệp HTX TM TP.HCM,NV0025,Minh Tuân (Mar) - 0916.911.885,2310004,Bột Đa Năng Baking Soda 500g - Scratchless Cleaning (2987),10,43000,430000,473000.00000000006,BAKING SODA,COOP NGUYEN KIEM,COOP MART,20260119
26010000076,05/01/2026,COOP_HNGU,Liên Hiệp HTX TM TP.HCM,NV0025,Minh Tuân (Mar) - 0916.911.885,2310004,Bột Đa Năng Baking Soda 500g - Scratchless Cleaning (2987),20,43000,860000,946000.0000000001,BAKING SODA,COOP HONG NGU DONG THAP,COOP MART,20260119
26010000080,05/01/2026,COOP_AUC_CTHANG,Liên Hiệp HTX TM TP.HCM,NV0025,Minh Tuân (Mar) - 0916.911.885,2310004,Bột Đa Năng Baking Soda 500g - Scratchless Cleaning (2987),20,43000,860000,946000.0000000001,BAKING SODA,COOP CAO THANG,COOP MART,20260119
26010000084,05/01/2026,COOP_XLHN,Liên Hiệp HTX TM TP.HCM,NV0025,Minh Tuân (Mar) - 0916.911.885,2310004,Bột Đa Năng Baking Soda 500g - Scratchless Cleaning (2987),40,43000,1720000,1892000.0000000002,BAKING SODA,COOP XA LO HA NOI,COOP MART,20260119
26010000093,06/01/2026,COOP_TQBUU,Liên Hiệp HTX TM TP.HCM,NV0025,Minh Tuân (Mar) - 0916.911.885,2310004,Bột Đa Năng Baking Soda 500g - Scratchless Cleaning (2987),20,43000,860000,946000.0000000001,BAKING SODA,COOP TA QUANG BUU,COOP MART,20260119
26010000094,06/01/2026,COOP_AUC_VICTORIA,Liên Hiệp HTX TM TP.HCM,NV0025,Minh Tuân (Mar) - 0916.911.885,2310004,Bột Đa Năng Baking Soda 500g - Scratchless Cleaning (2987),40,43000,1720000,1892000.0000000002,BAKING SODA,COOP VICTORIA,COOP MART,20260119
26010000096,06/01/2026,COOP_AUC_GOLDSILK,Liên Hiệp HTX TM TP.HCM,NV0025,Minh Tuân (Mar) - 0916.911.885,2310004,Bột Đa Năng Baking Soda 500g - Scratchless Cleaning (2987),20,43000,860000,946000.0000000001,BAKING SODA,COOP GOLDSILK,COOP MART,20260119
26010000103,06/01/2026,COOP_LAGI,Liên Hiệp HTX TM TP.HCM,NV0025,Minh Tuân (Mar) - 0916.911.885,2310004,Bột Đa Năng Baking Soda 500g - Scratchless Cleaning (2987),20,43000,860000,946000.0000000001,BAKING SODA,COOP LAGI BINH THUAN,COOP MART,20260119
26010000108,06/01/2026,COOP_CQUYNH,Liên Hiệp HTX TM TP.HCM,NV0025,Minh Tuân (Mar) - 0916.911.885,2310004,Bột Đa Năng Baking Soda 500g - Scratchless Cleaning (2987),40,43000,1720000,1892000.0000000002,BAKING SODA,COOP CONG QUYNH,COOP MART,20260119
26010000167,08/01/2026,COOP_BLUC,Liên Hiệp HTX TM TP.HCM,NV0025,Minh Tuân (Mar) - 0916.911.885,2310004,Bột Đa Năng Baking Soda 500g - Scratchless Cleaning (2987),40,43000,1720000,1892000.0000000002,BAKING SODA,COOP BEN LUC,COOP MART,20260119
26010000171,08/01/2026,COOP_DPHO,Liên Hiệp HTX TM TP.HCM,NV0025,Minh Tuân (Mar) - 0916.911.885,2310004,Bột Đa Năng Baking Soda 500g - Scratchless Cleaning (2987),20,43000,860000,946000.0000000001,BAKING SODA,COOP DUC PHO QUANG NGAI,COOP MART,20260119
26010000198,12/01/2026,COOP_LBINH,Liên Hiệp HTX TM TP.HCM,NV0025,Minh Tuân (Mar) - 0916.911.885,2310004,Bột Đa Năng Baking Soda 500g - Scratchless Cleaning (2987),40,43000,1720000,1892000.0000000002,BAKING SODA,COOP MART LONG BINH,COOP MART,20260119
26010000199,12/01/2026,COOP_TNINH,Liên Hiệp HTX TM TP.HCM,NV0025,Minh Tuân (Mar) - 0916.911.885,2310004,Bột Đa Năng Baking Soda 500g - Scratchless Cleaning (2987),40,43000,1720000,1892000.0000000002,BAKING SODA,COOP TAY NINH 1,COOP MART,20260119
26010000203,12/01/2026,COOP_PNHUAN,Liên Hiệp HTX TM TP.HCM,NV0025,Minh Tuân (Mar) - 0916.911.885,2310004,Bột Đa Năng Baking Soda 500g - Scratchless Cleaning (2987),20,43000,860000,946000.0000000001,BAKING SODA,COOP NGUYEN KIEM,COOP MART,20260119
26010000213,13/01/2026,COOP_AUC_LBIEN,Liên Hiệp HTX Thương Mại TP.HCM,NV0025,Minh Tuân (Mar) - 0916.911.885,2310004,Bột Đa Năng Baking Soda 500g - Scratchless Cleaning (2987),20,43000,860000,946000.0000000001,BAKING SODA,COOP LONG BIEN,COOP MART,20260119
26010000216,13/01/2026,COOP_LTK,Liên Hiệp HTX TM TP.HCM,NV0025,Minh Tuân (Mar) - 0916.911.885,2310004,Bột Đa Năng Baking Soda 500g - Scratchless Cleaning (2987),40,43000,1720000,1892000.0000000002,BAKING SODA,COOP LY THUONG KIET,COOP MART,20260119
26010000241,13/01/2026,COOP_TMUOI,Liên Hiệp HTX TM TP.HCM,NV0025,Minh Tuân (Mar) - 0916.911.885,2310004,Bột Đa Năng Baking Soda 500g - Scratchless Cleaning (2987),60,43000,2580000,2838000,BAKING SODA,COOP THAP MUOI,COOP MART,20260119
26010000242,13/01/2026,COOP_AGIANG,Liên Hiệp HTX TM TP.HCM,NV0025,Minh Tuân (Mar) - 0916.911.885,2310004,Bột Đa Năng Baking Soda 500g - Scratchless Cleaning (2987),20,43000,860000,946000.0000000001,BAKING SODA,COOP TAN CHAU AN GIANG,COOP MART,20260119
26010000285,14/01/2026,COOP_TNOT,Liên Hiệp HTX TM TP.HCM,NV0025,Minh Tuân (Mar) - 0916.911.885,2310004,Bột Đa Năng Baking Soda 500g - Scratchless Cleaning (2987),20,43000,860000,946000.0000000001,BAKING SODA,COOP THOT NOT,COOP MART,20260119
26010000047,05/01/2026,COOP_LBINH,Liên Hiệp HTX TM TP.HCM,NV0025,Minh Tuân (Mar) - 0916.911.885,2310008,Bột Đa Năng Baking Soda 2.1kg - Scratchless Cleaning (2970),6,145000,870000,957000.0000000001,BAKING SODA,COOP MART LONG BINH,COOP MART,20260119
26010000002,02/01/2026,COOP_PLAM,Liên Hiệp HTX TM TP.HCM,NV0025,Minh Tuân (Mar) - 0916.911.885,2320001,Muối Nổi Baking Soda 453g - Fresh Box (1101),24,36000,864000,950400.0000000001,BAKING SODA,COOP PHU LAM,COOP MART,20260119
26010000003,02/01/2026,COOP_RMIEU,Liên Hiệp HTX TM TP.HCM,NV0025,Minh Tuân (Mar) - 0916.911.885,2320001,Muối Nổi Baking Soda 453g - Fresh Box (1101),48,36000,1728000,1900800.0000000002,BAKING SODA,COOP RACH MIEU,COOP MART,20260119
26010000006,02/01/2026,COOP_NLB,Liên Hiệp HTX TM TP.HCM,NV0025,Minh Tuân (Mar) - 0916.911.885,2320001,Muối Nổi Baking Soda 453g - Fresh Box (1101),18,36000,648000,712800,BAKING SODA,COOP NGUYEN LUONG BANG,COOP MART,20260119
26010000024,02/01/2026,COOP_HUE,Liên Hiệp HTX TM TP.HCM,NV0025,Minh Tuân (Mar) - 0916.911.885,2320001,Muối Nổi Baking Soda 453g - Fresh Box (1101),24,36000,864000,950400.0000000001,BAKING SODA,COOP HUE,COOP MART,20260119
26010000025,02/01/2026,COOP_QBINH,Liên Hiệp HTX TM TP.HCM,NV0025,Minh Tuân (Mar) - 0916.911.885,2320001,Muối Nổi Baking Soda 453g - Fresh Box (1101),24,36000,864000,950400.0000000001,BAKING SODA,COOP QUANG BINH,COOP MART,20260119
26010000027,02/01/2026,COOP_TKY,Liên Hiệp HTX TM TP.HCM,NV0025,Minh Tuân (Mar) - 0916.911.885,2320001,Muối Nổi Baking Soda 453g - Fresh Box (1101),24,36000,864000,950400.0000000001,BAKING SODA,COOP TAM KY QUANG NAM,COOP MART,20260119
26010000033,02/01/2026,COOP_CCHI,Liên Hiệp HTX TM TP.HCM,NV0025,Minh Tuân (Mar) - 0916.911.885,2320001,Muối Nổi Baking Soda 453g - Fresh Box (1101),24,36000,864000,950400.0000000001,BAKING SODA,COOP CU CHI,COOP MART,20260119
26010000034,02/01/2026,COOP_CSE,Liên Hiệp HTX TM TP.HCM,NV0025,Minh Tuân (Mar) - 0916.911.885,2320001,Muối Nổi Baking Soda 453g - Fresh Box (1101),24,36000,864000,950400.0000000001,BAKING SODA,COOP CHU SE GIA LAI,COOP MART,20260119
26010000035,02/01/2026,COOP_CQUYNH,Liên Hiệp HTX TM TP.HCM,NV0025,Minh Tuân (Mar) - 0916.911.885,2320001,Muối Nổi Baking Soda 453g - Fresh Box (1101),24,36000,864000,950400.0000000001,BAKING SODA,COOP CONG QUYNH,COOP MART,20260119
26010000036,02/01/2026,COOP_NDC,Liên Hiệp HTX TM TP.HCM,NV0025,Minh Tuân (Mar) - 0916.911.885,2320001,Muối Nổi Baking Soda 453g - Fresh Box (1101),24,36000,864000,950400.0000000001,BAKING SODA,COOP NGUYEN DINH CHIEU,COOP MART,20260119
26010000046,05/01/2026,COOP_HGIANG,Liên Hiệp HTX TM TP.HCM,NV0025,Minh Tuân (Mar) - 0916.911.885,2320001,Muối Nổi Baking Soda 453g - Fresh Box (1101),24,36000,864000,950400.0000000001,BAKING SODA,COOP HAU GIANG,COOP MART,20260119
26010000070,05/01/2026,COOP_LTK,Liên Hiệp HTX TM TP.HCM,NV0025,Minh Tuân (Mar) - 0916.911.885,2320001,Muối Nổi Baking Soda 453g - Fresh Box (1101),24,36000,864000,950400.0000000001,BAKING SODA,COOP LY THUONG KIET,COOP MART,20260119
26010000109,06/01/2026,COOP_CQUYNH,Liên Hiệp HTX TM TP.HCM,NV0025,Minh Tuân (Mar) - 0916.911.885,2320001,Muối Nổi Baking Soda 453g - Fresh Box (1101),24,36000,864000,950400.0000000001,BAKING SODA,COOP CONG QUYNH,COOP MART,20260119
26010000190,09/01/2026,COOP_NDC,Liên Hiệp HTX TM TP.HCM,NV0025,Minh Tuân (Mar) - 0916.911.885,2320001,Muối Nổi Baking Soda 453g - Fresh Box (1101),24,36000,864000,950400.0000000001,BAKING SODA,COOP NGUYEN DINH CHIEU,COOP MART,20260119
26010000054,05/01/2026,COOP_BDUONG,Liên Hiệp HTX TM TP.HCM,NV0025,Minh Tuân (Mar) - 0916.911.885,2340002,Muối Nổi Rửa Rau Quả Baking Soda 340g (6592),24,78000,1872000,2059200.0000000002,BAKING SODA,COOP BINH DUONG,COOP MART,20260119
26010000175,09/01/2026,COOP_FL_HADO,Liên Hiệp HTX TM TP.HCM,NV0025,Minh Tuân (Mar) - 0916.911.885,2340002,Muối Nổi Rửa Rau Quả Baking Soda 340g (6592),12,78000,936000,1029600.0000000001,BAKING SODA,COOP FINELIFE HA DO,COOP MART,20260119
26010000023,02/01/2026,COOP_PLK,Liên Hiệp HTX TM TP.HCM,NV0025,Minh Tuân (Mar) - 0916.911.885,2360001,Bột Khử Mùi Baking Soda 340g - Fresh-N-Natural (4604),36,42000,1512000,1663200.0000000002,BAKING SODA,COOP PLEIKU,COOP MART,20260119
26010000048,05/01/2026,COOP_FL_URBANHILL,Liên Hiệp HTX TM TP.HCM,NV0025,Minh Tuân (Mar) - 0916.911.885,6010003,Pin Fujitsu - LR03(2B) FU-W- FI - AAA     (3500),10,20000,200000,220000.00000000003,FUJITSU,COOP FINELIFE URBAN HILL,COOP MART,20260119
26010000056,05/01/2026,COOP_CGUOC,Liên Hiệp HTX TM TP.HCM,NV0025,Minh Tuân (Mar) - 0916.911.885,6010003,Pin Fujitsu - LR03(2B) FU-W- FI - AAA     (3500),20,20000,400000,440000.00000000006,FUJITSU,COOP CAN GIUOC,COOP MART,20260119
26010000072,05/01/2026,COOP_DVC,Liên Hiệp HTX TM TP.HCM,NV0025,Minh Tuân (Mar) - 0916.911.885,6010003,Pin Fujitsu - LR03(2B) FU-W- FI - AAA     (3500),20,20000,400000,440000.00000000006,FUJITSU,COOP DONG VAN CONG,COOP MART,20260119
26010000097,06/01/2026,COOP_TBIEN,Liên Hiệp HTX TM TP.HCM,NV0025,Minh Tuân (Mar) - 0916.911.885,6010003,Pin Fujitsu - LR03(2B) FU-W- FI - AAA     (3500),5,20000,100000,110000.00000000001,FUJITSU,COOP TAN BIEN,COOP MART,20260119
26010000171,08/01/2026,COOP_DPHO,Liên Hiệp HTX TM TP.HCM,NV0025,Minh Tuân (Mar) - 0916.911.885,6010003,Pin Fujitsu - LR03(2B) FU-W- FI - AAA     (3500),10,20000,200000,220000.00000000003,FUJITSU,COOP DUC PHO QUANG NGAI,COOP MART,20260119
26010000192,10/01/2026,COOP_LTK,Liên Hiệp HTX TM TP.HCM,NV0025,Minh Tuân (Mar) - 0916.911.885,6010003,Pin Fujitsu - LR03(2B) FU-W- FI - AAA     (3500),10,20000,200000,220000.00000000003,FUJITSU,COOP LY THUONG KIET,COOP MART,20260119
26010000212,13/01/2026,COOP_CCHI,Liên Hiệp HTX TM TP.HCM,NV0025,Minh Tuân (Mar) - 0916.911.885,6010003,Pin Fujitsu - LR03(2B) FU-W- FI - AAA     (3500),20,20000,400000,440000.00000000006,FUJITSU,COOP CU CHI,COOP MART,20260119
26010000285,14/01/2026,COOP_TNOT,Liên Hiệp HTX TM TP.HCM,NV0025,Minh Tuân (Mar) - 0916.911.885,6010003,Pin Fujitsu - LR03(2B) FU-W- FI - AAA     (3500),20,20000,400000,440000.00000000006,FUJITSU,COOP THOT NOT,COOP MART,20260119
26010000032,02/01/2026,COOP_VTRI,Liên Hiệp HTX TM TP.HCM,NV0025,Minh Tuân (Mar) - 0916.911.885,6010014,Pin Fujitsu - LR03(4B+2B) FU-W-FI - AAA    (5504),10,39000,390000,429000.00000000006,FUJITSU,COOP VIET TRI,COOP MART,20260119
26010000053,05/01/2026,COOP_DNONG,Liên Hiệp HTX TM TP.HCM,NV0025,Minh Tuân (Mar) - 0916.911.885,6010014,Pin Fujitsu - LR03(4B+2B) FU-W-FI - AAA    (5504),40,39000,1560000,1716000.0000000002,FUJITSU,COOP DAK NONG,COOP MART,20260119
26010000056,05/01/2026,COOP_CGUOC,Liên Hiệp HTX TM TP.HCM,NV0025,Minh Tuân (Mar) - 0916.911.885,6010014,Pin Fujitsu - LR03(4B+2B) FU-W-FI - AAA    (5504),10,39000,390000,429000.00000000006,FUJITSU,COOP CAN GIUOC,COOP MART,20260119
26010000097,06/01/2026,COOP_TBIEN,Liên Hiệp HTX TM TP.HCM,NV0025,Minh Tuân (Mar) - 0916.911.885,6010014,Pin Fujitsu - LR03(4B+2B) FU-W-FI - AAA    (5504),5,39000,195000,214500.00000000003,FUJITSU,COOP TAN BIEN,COOP MART,20260119
26010000171,08/01/2026,COOP_DPHO,Liên Hiệp HTX TM TP.HCM,NV0025,Minh Tuân (Mar) - 0916.911.885,6010035,Pin Fujitsu - LR03(4B+2B) FU-W-FI - AAA    (5504),10,39000,390000,429000.00000000006,FUJITSU,COOP DUC PHO QUANG NGAI,COOP MART,20260119
26010000181,09/01/2026,COOP_CRANH,Liên Hiệp HTX TM TP.HCM,NV0025,Minh Tuân (Mar) - 0916.911.885,6010035,Pin Fujitsu - LR03(4B+2B) FU-W-FI - AAA    (5504),20,39000,780000,858000.0000000001,FUJITSU,COOP CAM RANH,COOP MART,20260119
26010000192,10/01/2026,COOP_LTK,Liên Hiệp HTX TM TP.HCM,NV0025,Minh Tuân (Mar) - 0916.911.885,6010035,Pin Fujitsu - LR03(4B+2B) FU-W-FI - AAA    (5504),10,39000,390000,429000.00000000006,FUJITSU,COOP LY THUONG KIET,COOP MART,20260119
26010000212,13/01/2026,COOP_CCHI,Liên Hiệp HTX TM TP.HCM,NV0025,Minh Tuân (Mar) - 0916.911.885,6010035,Pin Fujitsu - LR03(4B+2B) FU-W-FI - AAA    (5504),30,39000,1170000,1287000,FUJITSU,COOP CU CHI,COOP MART,20260119
26010000285,14/01/2026,COOP_TNOT,Liên Hiệp HTX TM TP.HCM,NV0025,Minh Tuân (Mar) - 0916.911.885,6010035,Pin Fujitsu - LR03(4B+2B) FU-W-FI - AAA    (5504),10,39000,390000,429000.00000000006,FUJITSU,COOP THOT NOT,COOP MART,20260119
26010000304,16/01/2026,COOP_VTHANH,Liên Hiệp HTX TM TP.HCM,NV0025,Minh Tuân (Mar) - 0916.911.885,6010035,Pin Fujitsu - LR03(4B+2B) FU-W-FI - AAA    (5504),20,39000,780000,858000.0000000001,FUJITSU,COOP VAN THANH,COOP MART,20260119
26010000307,16/01/2026,COOP_BTAN2,Liên Hiệp HTX TM TP.HCM,NV0025,Minh Tuân (Mar) - 0916.911.885,6010035,Pin Fujitsu - LR03(4B+2B) FU-W-FI - AAA    (5504),10,39000,390000,429000.00000000006,FUJITSU,COOP BINH TAN 2,COOP MART,20260119
26010000056,05/01/2026,COOP_CGUOC,Liên Hiệp HTX TM TP.HCM,NV0025,Minh Tuân (Mar) - 0916.911.885,6040022,Pin Fujitsu - R03/2400(BP4) - R03N(4B)FJEUNIC -  AAA   (3402),10,20000,200000,220000.00000000003,FUJITSU,COOP CAN GIUOC,COOP MART,20260119
26010000072,05/01/2026,COOP_DVC,Liên Hiệp HTX TM TP.HCM,NV0025,Minh Tuân (Mar) - 0916.911.885,6040022,Pin Fujitsu - R03/2400(BP4) - R03N(4B)FJEUNIC -  AAA   (3402),20,20000,400000,440000.00000000006,FUJITSU,COOP DONG VAN CONG,COOP MART,20260119
26010000171,08/01/2026,COOP_DPHO,Liên Hiệp HTX TM TP.HCM,NV0025,Minh Tuân (Mar) - 0916.911.885,6040022,Pin Fujitsu - R03/2400(BP4) - R03N(4B)FJEUNIC -  AAA   (3402),10,20000,200000,220000.00000000003,FUJITSU,COOP DUC PHO QUANG NGAI,COOP MART,20260119
26010000181,09/01/2026,COOP_CRANH,Liên Hiệp HTX TM TP.HCM,NV0025,Minh Tuân (Mar) - 0916.911.885,6040022,Pin Fujitsu - R03/2400(BP4) - R03N(4B)FJEUNIC -  AAA   (3402),10,20000,200000,220000.00000000003,FUJITSU,COOP CAM RANH,COOP MART,20260119
26010000192,10/01/2026,COOP_LTK,Liên Hiệp HTX TM TP.HCM,NV0025,Minh Tuân (Mar) - 0916.911.885,6040022,Pin Fujitsu - R03/2400(BP4) - R03N(4B)FJEUNIC -  AAA   (3402),40,20000,800000,880000.0000000001,FUJITSU,COOP LY THUONG KIET,COOP MART,20260119
26010000285,14/01/2026,COOP_TNOT,Liên Hiệp HTX TM TP.HCM,NV0025,Minh Tuân (Mar) - 0916.911.885,6040022,Pin Fujitsu - R03/2400(BP4) - R03N(4B)FJEUNIC -  AAA   (3402),20,20000,400000,440000.00000000006,FUJITSU,COOP THOT NOT,COOP MART,20260119
26010000304,16/01/2026,COOP_VTHANH,Liên Hiệp HTX TM TP.HCM,NV0025,Minh Tuân (Mar) - 0916.911.885,6040022,Pin Fujitsu - R03/2400(BP4) - R03N(4B)FJEUNIC -  AAA   (3402),10,20000,200000,220000.00000000003,FUJITSU,COOP VAN THANH,COOP MART,20260119
26010000048,05/01/2026,COOP_FL_URBANHILL,Liên Hiệp HTX TM TP.HCM,NV0025,Minh Tuân (Mar) - 0916.911.885,6050002,Pin Fujitsu - R6(4B) F-GP - AA    (2115),10,15400,154000,169400,FUJITSU,COOP FINELIFE URBAN HILL,COOP MART,20260119
26010000053,05/01/2026,COOP_DNONG,Liên Hiệp HTX TM TP.HCM,NV0025,Minh Tuân (Mar) - 0916.911.885,6050002,Pin Fujitsu - R6(4B) F-GP - AA    (2115),10,15400,154000,169400,FUJITSU,COOP DAK NONG,COOP MART,20260119
26010000056,05/01/2026,COOP_CGUOC,Liên Hiệp HTX TM TP.HCM,NV0025,Minh Tuân (Mar) - 0916.911.885,6050002,Pin Fujitsu - R6(4B) F-GP - AA    (2115),20,15400,308000,338800,FUJITSU,COOP CAN GIUOC,COOP MART,20260119
26010000072,05/01/2026,COOP_DVC,Liên Hiệp HTX TM TP.HCM,NV0025,Minh Tuân (Mar) - 0916.911.885,6050002,Pin Fujitsu - R6(4B) F-GP - AA    (2115),20,15400,308000,338800,FUJITSU,COOP DONG VAN CONG,COOP MART,20260119
26010000097,06/01/2026,COOP_TBIEN,Liên Hiệp HTX TM TP.HCM,NV0025,Minh Tuân (Mar) - 0916.911.885,6050002,Pin Fujitsu - R6(4B) F-GP - AA    (2115),10,15400,154000,169400,FUJITSU,COOP TAN BIEN,COOP MART,20260119
26010000171,08/01/2026,COOP_DPHO,Liên Hiệp HTX TM TP.HCM,NV0025,Minh Tuân (Mar) - 0916.911.885,6050002,Pin Fujitsu - R6(4B) F-GP - AA    (2115),10,15400,154000,169400,FUJITSU,COOP DUC PHO QUANG NGAI,COOP MART,20260119
26010000181,09/01/2026,COOP_CRANH,Liên Hiệp HTX TM TP.HCM,NV0025,Minh Tuân (Mar) - 0916.911.885,6050002,Pin Fujitsu - R6(4B) F-GP - AA    (2115),20,15400,308000,338800,FUJITSU,COOP CAM RANH,COOP MART,20260119
26010000212,13/01/2026,COOP_CCHI,Liên Hiệp HTX TM TP.HCM,NV0025,Minh Tuân (Mar) - 0916.911.885,6050002,Pin Fujitsu - R6(4B) F-GP - AA    (2115),30,15400,462000,508200.00000000006,FUJITSU,COOP CU CHI,COOP MART,20260119
26010000285,14/01/2026,COOP_TNOT,Liên Hiệp HTX TM TP.HCM,NV0025,Minh Tuân (Mar) - 0916.911.885,6050002,Pin Fujitsu - R6(4B) F-GP - AA    (2115),20,15400,308000,338800,FUJITSU,COOP THOT NOT,COOP MART,20260119
26010000307,16/01/2026,COOP_BTAN2,Liên Hiệp HTX TM TP.HCM,NV0025,Minh Tuân (Mar) - 0916.911.885,6050002,Pin Fujitsu - R6(4B) F-GP - AA    (2115),10,15400,154000,169400,FUJITSU,COOP BINH TAN 2,COOP MART,20260119
26010000032,02/01/2026,COOP_VTRI,Liên Hiệp HTX TM TP.HCM,NV0025,Minh Tuân (Mar) - 0916.911.885,6050004,Pin Fujitsu - R03(4B) F-GP - AAA     (3112),10,15400,154000,169400,FUJITSU,COOP VIET TRI,COOP MART,20260119
26010000048,05/01/2026,COOP_FL_URBANHILL,Liên Hiệp HTX TM TP.HCM,NV0025,Minh Tuân (Mar) - 0916.911.885,6050004,Pin Fujitsu - R03(4B) F-GP - AAA     (3112),10,15400,154000,169400,FUJITSU,COOP FINELIFE URBAN HILL,COOP MART,20260119
26010000053,05/01/2026,COOP_DNONG,Liên Hiệp HTX TM TP.HCM,NV0025,Minh Tuân (Mar) - 0916.911.885,6050004,Pin Fujitsu - R03(4B) F-GP - AAA     (3112),20,15400,308000,338800,FUJITSU,COOP DAK NONG,COOP MART,20260119
26010000056,05/01/2026,COOP_CGUOC,Liên Hiệp HTX TM TP.HCM,NV0025,Minh Tuân (Mar) - 0916.911.885,6050004,Pin Fujitsu - R03(4B) F-GP - AAA     (3112),20,15400,308000,338800,FUJITSU,COOP CAN GIUOC,COOP MART,20260119
26010000057,05/01/2026,COOP_MGAR,Liên Hiệp HTX TM TP.HCM,NV0025,Minh Tuân (Mar) - 0916.911.885,6050004,Pin Fujitsu - R03(4B) F-GP - AAA     (3112),30,15400,462000,508200.00000000006,FUJITSU,COOP CU MGAR,COOP MART,20260119
26010000072,05/01/2026,COOP_DVC,Liên Hiệp HTX TM TP.HCM,NV0025,Minh Tuân (Mar) - 0916.911.885,6050004,Pin Fujitsu - R03(4B) F-GP - AAA     (3112),20,15400,308000,338800,FUJITSU,COOP DONG VAN CONG,COOP MART,20260119
26010000092,06/01/2026,COOP_CQUYNH,Liên Hiệp HTX TM TP.HCM,NV0025,Minh Tuân (Mar) - 0916.911.885,6050004,Pin Fujitsu - R03(4B) F-GP - AAA     (3112),30,15400,462000,508200.00000000006,FUJITSU,COOP CONG QUYNH,COOP MART,20260119
26010000097,06/01/2026,COOP_TBIEN,Liên Hiệp HTX TM TP.HCM,NV0025,Minh Tuân (Mar) - 0916.911.885,6050004,Pin Fujitsu - R03(4B) F-GP - AAA     (3112),10,15400,154000,169400,FUJITSU,COOP TAN BIEN,COOP MART,20260119
26010000171,08/01/2026,COOP_DPHO,Liên Hiệp HTX TM TP.HCM,NV0025,Minh Tuân (Mar) - 0916.911.885,6050004,Pin Fujitsu - R03(4B) F-GP - AAA     (3112),10,15400,154000,169400,FUJITSU,COOP DUC PHO QUANG NGAI,COOP MART,20260119
26010000212,13/01/2026,COOP_CCHI,Liên Hiệp HTX TM TP.HCM,NV0025,Minh Tuân (Mar) - 0916.911.885,6050004,Pin Fujitsu - R03(4B) F-GP - AAA     (3112),30,15400,462000,508200.00000000006,FUJITSU,COOP CU CHI,COOP MART,20260119
26010000285,14/01/2026,COOP_TNOT,Liên Hiệp HTX TM TP.HCM,NV0025,Minh Tuân (Mar) - 0916.911.885,6050004,Pin Fujitsu - R03(4B) F-GP - AAA     (3112),20,15400,308000,338800,FUJITSU,COOP THOT NOT,COOP MART,20260119
26010000304,16/01/2026,COOP_VTHANH,Liên Hiệp HTX TM TP.HCM,NV0025,Minh Tuân (Mar) - 0916.911.885,6050004,Pin Fujitsu - R03(4B) F-GP - AAA     (3112),30,15400,462000,508200.00000000006,FUJITSU,COOP VAN THANH,COOP MART,20260119
26010000307,16/01/2026,COOP_BTAN2,Liên Hiệp HTX TM TP.HCM,NV0025,Minh Tuân (Mar) - 0916.911.885,6050004,Pin Fujitsu - R03(4B) F-GP - AAA     (3112),10,15400,154000,169400,FUJITSU,COOP BINH TAN 2,COOP MART,20260119
26010000004,02/01/2026,COOP_HTPHAT,Liên Hiệp HTX TM TP.HCM,NV0025,Minh Tuân (Mar) - 0916.911.885,2310002,Bột Tẩy Rửa Đa Năng Baking Soda 226g - Scratchless Cleaning (1309),24,23000,552000,607200,BAKING SODA,COOPFOOD HUYNH TAN PHAT,COOP FOOD,20260119
26010000099,06/01/2026,COOP_F_CHOLON,Liên Hiệp HTX TM TP.HCM,NV0025,Minh Tuân (Mar) - 0916.911.885,2310002,Bột Tẩy Rửa Đa Năng Baking Soda 226g - Scratchless Cleaning (1309),24,23000,552000,607200,BAKING SODA,COOPFOOD CHO LON,COOP FOOD,20260119
26010000100,06/01/2026,COOP_F_PVTRI,Liên Hiệp HTX TM TP.HCM,NV0025,Minh Tuân (Mar) - 0916.911.885,2310002,Bột Tẩy Rửa Đa Năng Baking Soda 226g - Scratchless Cleaning (1309),24,23000,552000,607200,BAKING SODA,COOPFOOD PHAN VAN TRI,COOP FOOD,20260119
26010000101,06/01/2026,COOP_F_DXHOP100,Liên Hiệp HTX TM TP.HCM,NV0025,Minh Tuân (Mar) - 0916.911.885,2310002,Bột Tẩy Rửa Đa Năng Baking Soda 226g - Scratchless Cleaning (1309),24,23000,552000,607200,BAKING SODA,COOPFOOD DO XUAN HOP,COOP FOOD,20260119
26010000102,06/01/2026,COOP_F_NHONG,Liên Hiệp HTX TM TP.HCM,NV0025,Minh Tuân (Mar) - 0916.911.885,2310002,Bột Tẩy Rửa Đa Năng Baking Soda 226g - Scratchless Cleaning (1309),24,23000,552000,607200,BAKING SODA,COOPFOOD NGUYEN HONG,COOP FOOD,20260119
26010000161,08/01/2026,COOP_F_NOANH,Liên Hiệp HTX TM TP.HCM,NV0025,Minh Tuân (Mar) - 0916.911.885,2310002,Bột Tẩy Rửa Đa Năng Baking Soda 226g - Scratchless Cleaning (1309),24,23000,552000,607200,BAKING SODA,COOPFOOD NGUYEN OANH,COOP FOOD,20260119
26010000162,08/01/2026,COOP_F_DXHOP729,Liên Hiệp HTX TM TP.HCM,NV0025,Minh Tuân (Mar) - 0916.911.885,2310002,Bột Tẩy Rửa Đa Năng Baking Soda 226g - Scratchless Cleaning (1309),24,23000,552000,607200,BAKING SODA,COOPFOOD DO XUAN HOP 100,COOP FOOD,20260119
26010000163,08/01/2026,COOP_F_SAIGON,Liên Hiệp HTX TM TP.HCM,NV0025,Minh Tuân (Mar) - 0916.911.885,2310002,Bột Tẩy Rửa Đa Năng Baking Soda 226g - Scratchless Cleaning (1309),24,23000,552000,607200,BAKING SODA,COOPFOOD SAI GON,COOP FOOD,20260119
26010000165,08/01/2026,COOP_F_VISION,Liên Hiệp HTX TM TP.HCM,NV0025,Minh Tuân (Mar) - 0916.911.885,2310002,Bột Tẩy Rửa Đa Năng Baking Soda 226g - Scratchless Cleaning (1309),24,23000,552000,607200,BAKING SODA,COOPFOOD VISION,COOP FOOD,20260119
26010000166,08/01/2026,COOP_F_GARDEN,Liên Hiệp HTX TM TP.HCM,NV0025,Minh Tuân (Mar) - 0916.911.885,2310002,Bột Tẩy Rửa Đa Năng Baking Soda 226g - Scratchless Cleaning (1309),24,23000,552000,607200,BAKING SODA,COOPFOOD GARDEN,COOP FOOD,20260119
26010000200,12/01/2026,COOP_F_NTBUP,Liên Hiệp HTX TM TP.HCM,NV0025,Minh Tuân (Mar) - 0916.911.885,2310002,Bột Tẩy Rửa Đa Năng Baking Soda 226g - Scratchless Cleaning (1309),24,23000,552000,607200,BAKING SODA,COOP FOOD NGUYEN THI BUP 101M,COOP FOOD,20260119
26010000223,13/01/2026,COOP_F_TVDANH,Liên Hiệp HTX TM TP.HCM,NV0025,Minh Tuân (Mar) - 0916.911.885,2310002,Bột Tẩy Rửa Đa Năng Baking Soda 226g - Scratchless Cleaning (1309),24,23000,552000,607200,BAKING SODA,COOPFOOD TRAN VAN DANH,COOP FOOD,20260119
26010000224,13/01/2026,COOP_F_NVTAO,Liên Hiệp HTX TM TP.HCM,NV0025,Minh Tuân (Mar) - 0916.911.885,2310002,Bột Tẩy Rửa Đa Năng Baking Soda 226g - Scratchless Cleaning (1309),24,23000,552000,607200,BAKING SODA,COOPFOOD NGUYEN VAN TAO,COOP FOOD,20260119
26010000225,13/01/2026,COOP_F_TPPHAN,Liên Hiệp HTX TM TP.HCM,NV0025,Minh Tuân (Mar) - 0916.911.885,2310002,Bột Tẩy Rửa Đa Năng Baking Soda 226g - Scratchless Cleaning (1309),24,23000,552000,607200,BAKING SODA,COOPFOOD TRUONG PHUOC PHAN,COOP FOOD,20260119
26010000228,13/01/2026,COOP_F_NKHOAI,Liên Hiệp HTX TM TP.HCM,NV0025,Minh Tuân (Mar) - 0916.911.885,2310002,Bột Tẩy Rửa Đa Năng Baking Soda 226g - Scratchless Cleaning (1309),24,23000,552000,607200,BAKING SODA,COOPFOOD NGUYEN KHOAI,COOP FOOD,20260119
26010000294,15/01/2026,COOP_F_NBTONG,Liên Hiệp HTX TM TP.HCM,NV0025,Minh Tuân (Mar) - 0916.911.885,2310002,Bột Tẩy Rửa Đa Năng Baking Soda 226g - Scratchless Cleaning (1309),24,23000,552000,607200,BAKING SODA,COOPFOOD NGUYEN BA TONG,COOP FOOD,20260119
26010000005,02/01/2026,COOP_HTPHAT,Liên Hiệp HTX TM TP.HCM,NV0025,Minh Tuân (Mar) - 0916.911.885,2320001,Muối Nổi Baking Soda 453g - Fresh Box (1101),24,36000,864000,950400.0000000001,BAKING SODA,COOPFOOD HUYNH TAN PHAT,COOP FOOD,20260119
26010000031,02/01/2026,COOP_F_PVB,Liên Hiệp HTX TM TP.HCM,NV0025,Minh Tuân (Mar) - 0916.911.885,2320001,Muối Nổi Baking Soda 453g - Fresh Box (1101),18,36000,648000,712800,BAKING SODA,COOP FOOD PHAM VAN BACH,COOP FOOD,20260119
26010000074,05/01/2026,COOP_TPHONG,Liên Hiệp HTX TM TP.HCM,NV0025,Minh Tuân (Mar) - 0916.911.885,2310002,Bột Tẩy Rửa Đa Năng Baking Soda 226g - Scratchless Cleaning (1309),24,23000,552000,607200,BAKING SODA,COOP EXTRA TAN PHONG,COOP EXTRA,20260119
26010000120,06/01/2026,COOP_SVH,Liên Hiệp HTX TM TP.HCM,NV0025,Minh Tuân (Mar) - 0916.911.885,2310002,Bột Tẩy Rửa Đa Năng Baking Soda 226g - Scratchless Cleaning (1309),24,23000,552000,607200,BAKING SODA,COOP EXTRA SU VAN HANH,COOP EXTRA,20260119
26010000310,16/01/2026,COOP_SVH,Liên Hiệp HTX TM TP.HCM,NV0025,Minh Tuân (Mar) - 0916.911.885,2310002,Bột Tẩy Rửa Đa Năng Baking Soda 226g - Scratchless Cleaning (1309),48,23000,1104000,1214400,BAKING SODA,COOP EXTRA SU VAN HANH,COOP EXTRA,20260119
26010000074,05/01/2026,COOP_TPHONG,Liên Hiệp HTX TM TP.HCM,NV0025,Minh Tuân (Mar) - 0916.911.885,2310004,Bột Đa Năng Baking Soda 500g - Scratchless Cleaning (2987),20,43000,860000,946000.0000000001,BAKING SODA,COOP EXTRA TAN PHONG,COOP EXTRA,20260119
26010000120,06/01/2026,COOP_SVH,Liên Hiệp HTX TM TP.HCM,NV0025,Minh Tuân (Mar) - 0916.911.885,2310004,Bột Đa Năng Baking Soda 500g - Scratchless Cleaning (2987),20,43000,860000,946000.0000000001,BAKING SODA,COOP EXTRA SU VAN HANH,COOP EXTRA,20260119
26010000122,07/01/2026,COOP_LTRUNG,Liên Hiệp HTX TM TP.HCM,NV0025,Minh Tuân (Mar) - 0916.911.885,2310004,Bột Đa Năng Baking Soda 500g - Scratchless Cleaning (2987),5,43000,215000,236500.00000000003,BAKING SODA,COOP EXTRA LINH TRUNG,COOP EXTRA,20260119
26010000120,06/01/2026,COOP_SVH,Liên Hiệp HTX TM TP.HCM,NV0025,Minh Tuân (Mar) - 0916.911.885,2310008,Bột Đa Năng Baking Soda 2.1kg - Scratchless Cleaning (2970),6,145000,870000,957000.0000000001,BAKING SODA,COOP EXTRA SU VAN HANH,COOP EXTRA,20260119
26010000122,07/01/2026,COOP_LTRUNG,Liên Hiệp HTX TM TP.HCM,NV0025,Minh Tuân (Mar) - 0916.911.885,2310008,Bột Đa Năng Baking Soda 2.1kg - Scratchless Cleaning (2970),6,145000,870000,957000.0000000001,BAKING SODA,COOP EXTRA LINH TRUNG,COOP EXTRA,20260119
26010000122,07/01/2026,COOP_LTRUNG,Liên Hiệp HTX TM TP.HCM,NV0025,Minh Tuân (Mar) - 0916.911.885,2320001,Muối Nổi Baking Soda 453g - Fresh Box (1101),24,36000,864000,950400.0000000001,BAKING SODA,COOP EXTRA LINH TRUNG,COOP EXTRA,20260119
26010000147,07/01/2026,COOP_TPHONG,Liên Hiệp HTX TM TP.HCM,NV0025,Minh Tuân (Mar) - 0916.911.885,2320001,Muối Nổi Baking Soda 453g - Fresh Box (1101),24,36000,864000,950400.0000000001,BAKING SODA,COOP EXTRA TAN PHONG,COOP EXTRA,20260119
26010000189,09/01/2026,COOP_SVH,Liên Hiệp HTX TM TP.HCM,NV0025,Minh Tuân (Mar) - 0916.911.885,2320001,Muối Nổi Baking Soda 453g - Fresh Box (1101),24,36000,864000,950400.0000000001,BAKING SODA,COOP EXTRA SU VAN HANH,COOP EXTRA,20260119
26010000074,05/01/2026,COOP_TPHONG,Liên Hiệp HTX TM TP.HCM,NV0025,Minh Tuân (Mar) - 0916.911.885,2340002,Muối Nổi Rửa Rau Quả Baking Soda 340g (6592),12,78000,936000,1029600.0000000001,BAKING SODA,COOP EXTRA TAN PHONG,COOP EXTRA,20260119
26010000115,06/01/2026,BIGC_BDUONG,Công Ty TNHH Dịch Vụ EB,NV0130,Nam Phương - 0333719804,2310002,Bột Tẩy Rửa Đa Năng Baking Soda 226g - Scratchless Cleaning (1309),48,23000,1104000,1214400,BAKING SODA,BIG C BINH DUONG,BIG C,20260119
26010000116,06/01/2026,BIGC_TCHINH,Công Ty TNHH Dịch Vụ EB,NV0130,Nam Phương - 0333719804,2310002,Bột Tẩy Rửa Đa Năng Baking Soda 226g - Scratchless Cleaning (1309),48,23000,1104000,1214400,BAKING SODA,BIG C TRUONG CHINH,BIG C,20260119
26010000117,06/01/2026,BIGC_DIAN,Công Ty TNHH Dịch Vụ EB,NV0130,Nam Phương - 0333719804,2310002,Bột Tẩy Rửa Đa Năng Baking Soda 226g - Scratchless Cleaning (1309),24,23000,552000,607200,BAKING SODA,BIG C DI AN,BIG C,20260119
26010000118,06/01/2026,BIGC_LAND,Công Ty TNHH Dịch Vụ EB,NV0130,Nam Phương - 0333719804,2310002,Bột Tẩy Rửa Đa Năng Baking Soda 226g - Scratchless Cleaning (1309),24,23000,552000,607200,BAKING SODA,BIG C QUAN 7,BIG C,20260119
26010000119,06/01/2026,BIGC_TDIEN,Công Ty TNHH Dịch Vụ EB,NV0130,Nam Phương - 0333719804,2310002,Bột Tẩy Rửa Đa Năng Baking Soda 226g - Scratchless Cleaning (1309),24,23000,552000,607200,BAKING SODA,BIG C THAO DIEN,BIG C,20260119
26010000124,07/01/2026,BIGC_GO_TNGUYEN,Công Ty TNHH Dịch Vụ EB,NV0130,Nam Phương - 0333719804,2310002,Bột Tẩy Rửa Đa Năng Baking Soda 226g - Scratchless Cleaning (1309),24,23000,552000,607200,BAKING SODA,BIG C THAI NGUYEN,BIG C,20260119
26010000125,07/01/2026,BIGC_GO_BTRE,Công Ty TNHH Dịch Vụ EB,NV0130,Nam Phương - 0333719804,2310002,Bột Tẩy Rửa Đa Năng Baking Soda 226g - Scratchless Cleaning (1309),24,23000,552000,607200,BAKING SODA,BIG C BEN TRE,BIG C,20260119
26010000127,07/01/2026,BIGC_BGIANG,Công Ty TNHH Dịch Vụ EB,NV0130,Nam Phương - 0333719804,2310002,Bột Tẩy Rửa Đa Năng Baking Soda 226g - Scratchless Cleaning (1309),24,23000,552000,607200,BAKING SODA,BIG C BAC GIANG,BIG C,20260119
26010000128,07/01/2026,BIGC_NTRANG,Công Ty TNHH Dịch Vụ EB,NV0130,Nam Phương - 0333719804,2310002,Bột Tẩy Rửa Đa Năng Baking Soda 226g - Scratchless Cleaning (1309),72,23000,1656000,1821600.0000000002,BAKING SODA,BIG C NHA TRANG,BIG C,20260119
26010000131,07/01/2026,BIGC_NBINH,Công Ty TNHH Dịch Vụ EB,NV0130,Nam Phương - 0333719804,2310002,Bột Tẩy Rửa Đa Năng Baking Soda 226g - Scratchless Cleaning (1309),24,23000,552000,607200,BAKING SODA,BIG C NINH BINH,BIG C,20260119
26010000132,07/01/2026,BIGC_VTRI,Công Ty TNHH Dịch Vụ EB,NV0130,Nam Phương - 0333719804,2310002,Bột Tẩy Rửa Đa Năng Baking Soda 226g - Scratchless Cleaning (1309),24,23000,552000,607200,BAKING SODA,BIG C VIET TRI,BIG C,20260119
26010000133,07/01/2026,BIGC_CTHO,Công Ty TNHH Dịch Vụ EB,NV0130,Nam Phương - 0333719804,2310002,Bột Tẩy Rửa Đa Năng Baking Soda 226g - Scratchless Cleaning (1309),48,23000,1104000,1214400,BAKING SODA,BIG C CAN THO,BIG C,20260119
26010000135,07/01/2026,BIGC_THOA,Công Ty TNHH Dịch Vụ EB,NV0130,Nam Phương - 0333719804,2310002,Bột Tẩy Rửa Đa Năng Baking Soda 226g - Scratchless Cleaning (1309),24,23000,552000,607200,BAKING SODA,BIG C THANH HOA,BIG C,20260119
26010000136,07/01/2026,BIGC_HDUONG,Công Ty TNHH Dịch Vụ EB,NV0130,Nam Phương - 0333719804,2310002,Bột Tẩy Rửa Đa Năng Baking Soda 226g - Scratchless Cleaning (1309),24,23000,552000,607200,BAKING SODA,BIG C HAI DUONG,BIG C,20260119
26010000137,07/01/2026,BIGC_LBIEN,Công Ty TNHH Dịch Vụ EB,NV0130,Nam Phương - 0333719804,2310002,Bột Tẩy Rửa Đa Năng Baking Soda 226g - Scratchless Cleaning (1309),48,23000,1104000,1214400,BAKING SODA,BIG C LONG BIEN,BIG C,20260119
26010000138,07/01/2026,BIGC_NDINH,Công Ty TNHH Dịch Vụ EB,NV0130,Nam Phương - 0333719804,2310002,Bột Tẩy Rửa Đa Năng Baking Soda 226g - Scratchless Cleaning (1309),24,23000,552000,607200,BAKING SODA,BIG C NAM DINH,BIG C,20260119
26010000139,07/01/2026,BIGC_VPHUC,Công Ty TNHH Dịch Vụ EB,NV0130,Nam Phương - 0333719804,2310002,Bột Tẩy Rửa Đa Năng Baking Soda 226g - Scratchless Cleaning (1309),24,23000,552000,607200,BAKING SODA,BIG C VINH PHUC,BIG C,20260119
26010000141,07/01/2026,BIGC_HUE,Công Ty TNHH Dịch Vụ EB,NV0130,Nam Phương - 0333719804,2310002,Bột Tẩy Rửa Đa Năng Baking Soda 226g - Scratchless Cleaning (1309),144,23000,3312000,3643200.0000000005,BAKING SODA,BIG C HUE,BIG C,20260119
26010000142,07/01/2026,BIGC_DNANG,Công Ty TNHH Dịch Vụ EB,NV0130,Nam Phương - 0333719804,2310002,Bột Tẩy Rửa Đa Năng Baking Soda 226g - Scratchless Cleaning (1309),168,23000,3864000,4250400,BAKING SODA,BIG C DA NANG,BIG C,20260119
26010000143,07/01/2026,BIGC_HPHONG,Công Ty TNHH Dịch Vụ EB,NV0130,Nam Phương - 0333719804,2310002,Bột Tẩy Rửa Đa Năng Baking Soda 226g - Scratchless Cleaning (1309),48,23000,1104000,1214400,BAKING SODA,BIG C HAI PHONG,BIG C,20260119
26010000144,07/01/2026,BIGC_HPHONG,Công Ty TNHH Dịch Vụ EB,NV0130,Nam Phương - 0333719804,2310002,Bột Tẩy Rửa Đa Năng Baking Soda 226g - Scratchless Cleaning (1309),48,23000,1104000,1214400,BAKING SODA,BIG C HAI PHONG,BIG C,20260119
26010000244,13/01/2026,BIGC_DIAN,Công Ty TNHH Dịch Vụ EB,NV0130,Nam Phương - 0333719804,2310002,Bột Tẩy Rửa Đa Năng Baking Soda 226g - Scratchless Cleaning (1309),48,23000,1104000,1214400,BAKING SODA,BIG C DI AN,BIG C,20260119
26010000245,13/01/2026,BIGC_ANLAC,Công Ty TNHH Dịch Vụ EB,NV0130,Nam Phương - 0333719804,2310002,Bột Tẩy Rửa Đa Năng Baking Soda 226g - Scratchless Cleaning (1309),24,23000,552000,607200,BAKING SODA,BIG C AN LAC,BIG C,20260119
26010000246,13/01/2026,BIGC_TCHINH,Công Ty TNHH Dịch Vụ EB,NV0130,Nam Phương - 0333719804,2310002,Bột Tẩy Rửa Đa Năng Baking Soda 226g - Scratchless Cleaning (1309),24,23000,552000,607200,BAKING SODA,BIG C TRUONG CHINH,BIG C,20260119
26010000247,13/01/2026,BIGC_THIEP,Công Ty TNHH Dịch Vụ EB,NV0130,Nam Phương - 0333719804,2310002,Bột Tẩy Rửa Đa Năng Baking Soda 226g - Scratchless Cleaning (1309),48,23000,1104000,1214400,BAKING SODA,BIG C TAN HIEP,BIG C,20260119
26010000250,13/01/2026,BIGC_MDONG,Công Ty TNHH Dịch Vụ EB,NV0130,Nam Phương - 0333719804,2310002,Bột Tẩy Rửa Đa Năng Baking Soda 226g - Scratchless Cleaning (1309),48,23000,1104000,1214400,BAKING SODA,BIG C MIEN DONG,BIG C,20260119
26010000252,14/01/2026,BIGC_QNHON,Công Ty TNHH Dịch Vụ EB,NV0130,Nam Phương - 0333719804,2310002,Bột Tẩy Rửa Đa Năng Baking Soda 226g - Scratchless Cleaning (1309),24,23000,552000,607200,BAKING SODA,BIG C QUY NHON,BIG C,20260119
26010000255,14/01/2026,BIGC_VINH,Công Ty TNHH Dịch Vụ EB,NV0130,Nam Phương - 0333719804,2310002,Bột Tẩy Rửa Đa Năng Baking Soda 226g - Scratchless Cleaning (1309),24,23000,552000,607200,BAKING SODA,BIG C VINH,BIG C,20260119
26010000256,14/01/2026,BIGC_TLONG,Công Ty TNHH Dịch Vụ EB,NV0130,Nam Phương - 0333719804,2310002,Bột Tẩy Rửa Đa Năng Baking Soda 226g - Scratchless Cleaning (1309),72,23000,1656000,1821600.0000000002,BAKING SODA,BIG C THANG LONG,BIG C,20260119
26010000258,14/01/2026,BIGC_MTHO,Công Ty TNHH Dịch Vụ EB,NV0130,Nam Phương - 0333719804,2310002,Bột Tẩy Rửa Đa Năng Baking Soda 226g - Scratchless Cleaning (1309),48,23000,1104000,1214400,BAKING SODA,BIG C MY THO,BIG C,20260119
26010000259,14/01/2026,BIGC_QNGAI,Công Ty TNHH Dịch Vụ EB,NV0130,Nam Phương - 0333719804,2310002,Bột Tẩy Rửa Đa Năng Baking Soda 226g - Scratchless Cleaning (1309),24,23000,552000,607200,BAKING SODA,BIG C QUANG NGAI,BIG C,20260119
26010000298,15/01/2026,BIGC_GO_BMT,Công Ty TNHH Dịch Vụ EB,NV0130,Nam Phương - 0333719804,2310002,Bột Tẩy Rửa Đa Năng Baking Soda 226g - Scratchless Cleaning (1309),24,23000,552000,607200,BAKING SODA,BIG C GO BUON MA THUOT,BIG C,20260119
26010000112,06/01/2026,BIGC_MDONG,Công Ty TNHH Dịch Vụ EB,NV0130,Nam Phương - 0333719804,2310004,Bột Đa Năng Baking Soda 500g - Scratchless Cleaning (2987),20,43000,860000,946000.0000000001,BAKING SODA,BIG C MIEN DONG,BIG C,20260119
26010000113,06/01/2026,BIGC_GVAP,Công Ty TNHH Dịch Vụ EB,NV0130,Nam Phương - 0333719804,2310004,Bột Đa Năng Baking Soda 500g - Scratchless Cleaning (2987),20,43000,860000,946000.0000000001,BAKING SODA,BIG C GO VAP,BIG C,20260119
26010000114,06/01/2026,BIGC_PTHANH,Công Ty TNHH Dịch Vụ EB,NV0130,Nam Phương - 0333719804,2310004,Bột Đa Năng Baking Soda 500g - Scratchless Cleaning (2987),20,43000,860000,946000.0000000001,BAKING SODA,BIG C PHU THANH,BIG C,20260119
26010000115,06/01/2026,BIGC_BDUONG,Công Ty TNHH Dịch Vụ EB,NV0130,Nam Phương - 0333719804,2310004,Bột Đa Năng Baking Soda 500g - Scratchless Cleaning (2987),40,43000,1720000,1892000.0000000002,BAKING SODA,BIG C BINH DUONG,BIG C,20260119
26010000116,06/01/2026,BIGC_TCHINH,Công Ty TNHH Dịch Vụ EB,NV0130,Nam Phương - 0333719804,2310004,Bột Đa Năng Baking Soda 500g - Scratchless Cleaning (2987),20,43000,860000,946000.0000000001,BAKING SODA,BIG C TRUONG CHINH,BIG C,20260119
26010000119,06/01/2026,BIGC_TDIEN,Công Ty TNHH Dịch Vụ EB,NV0130,Nam Phương - 0333719804,2310004,Bột Đa Năng Baking Soda 500g - Scratchless Cleaning (2987),20,43000,860000,946000.0000000001,BAKING SODA,BIG C THAO DIEN,BIG C,20260119
26010000123,07/01/2026,BIGC_GO_LAOCAI,Công Ty TNHH Dịch Vụ EB,NV0130,Nam Phương - 0333719804,2310004,Bột Đa Năng Baking Soda 500g - Scratchless Cleaning (2987),20,43000,860000,946000.0000000001,BAKING SODA,BIG C GO LAO CAI,BIG C,20260119
26010000124,07/01/2026,BIGC_GO_TNGUYEN,Công Ty TNHH Dịch Vụ EB,NV0130,Nam Phương - 0333719804,2310004,Bột Đa Năng Baking Soda 500g - Scratchless Cleaning (2987),20,43000,860000,946000.0000000001,BAKING SODA,BIG C THAI NGUYEN,BIG C,20260119
26010000125,07/01/2026,BIGC_GO_BTRE,Công Ty TNHH Dịch Vụ EB,NV0130,Nam Phương - 0333719804,2310004,Bột Đa Năng Baking Soda 500g - Scratchless Cleaning (2987),20,43000,860000,946000.0000000001,BAKING SODA,BIG C BEN TRE,BIG C,20260119
26010000126,07/01/2026,BIGC_QNGAI,Công Ty TNHH Dịch Vụ EB,NV0130,Nam Phương - 0333719804,2310004,Bột Đa Năng Baking Soda 500g - Scratchless Cleaning (2987),20,43000,860000,946000.0000000001,BAKING SODA,BIG C QUANG NGAI,BIG C,20260119
26010000127,07/01/2026,BIGC_BGIANG,Công Ty TNHH Dịch Vụ EB,NV0130,Nam Phương - 0333719804,2310004,Bột Đa Năng Baking Soda 500g - Scratchless Cleaning (2987),20,43000,860000,946000.0000000001,BAKING SODA,BIG C BAC GIANG,BIG C,20260119
26010000128,07/01/2026,BIGC_NTRANG,Công Ty TNHH Dịch Vụ EB,NV0130,Nam Phương - 0333719804,2310004,Bột Đa Năng Baking Soda 500g - Scratchless Cleaning (2987),20,43000,860000,946000.0000000001,BAKING SODA,BIG C NHA TRANG,BIG C,20260119
26010000130,07/01/2026,BIGC_QNHON,Công Ty TNHH Dịch Vụ EB,NV0130,Nam Phương - 0333719804,2310004,Bột Đa Năng Baking Soda 500g - Scratchless Cleaning (2987),20,43000,860000,946000.0000000001,BAKING SODA,BIG C QUY NHON,BIG C,20260119
26010000131,07/01/2026,BIGC_NBINH,Công Ty TNHH Dịch Vụ EB,NV0130,Nam Phương - 0333719804,2310004,Bột Đa Năng Baking Soda 500g - Scratchless Cleaning (2987),40,43000,1720000,1892000.0000000002,BAKING SODA,BIG C NINH BINH,BIG C,20260119
26010000132,07/01/2026,BIGC_VTRI,Công Ty TNHH Dịch Vụ EB,NV0130,Nam Phương - 0333719804,2310004,Bột Đa Năng Baking Soda 500g - Scratchless Cleaning (2987),20,43000,860000,946000.0000000001,BAKING SODA,BIG C VIET TRI,BIG C,20260119
26010000133,07/01/2026,BIGC_CTHO,Công Ty TNHH Dịch Vụ EB,NV0130,Nam Phương - 0333719804,2310004,Bột Đa Năng Baking Soda 500g - Scratchless Cleaning (2987),20,43000,860000,946000.0000000001,BAKING SODA,BIG C CAN THO,BIG C,20260119
26010000134,07/01/2026,BIGC_MLINH,Công Ty TNHH Dịch Vụ EB,NV0130,Nam Phương - 0333719804,2310004,Bột Đa Năng Baking Soda 500g - Scratchless Cleaning (2987),20,43000,860000,946000.0000000001,BAKING SODA,BIG C ME LINH,BIG C,20260119
26010000135,07/01/2026,BIGC_THOA,Công Ty TNHH Dịch Vụ EB,NV0130,Nam Phương - 0333719804,2310004,Bột Đa Năng Baking Soda 500g - Scratchless Cleaning (2987),20,43000,860000,946000.0000000001,BAKING SODA,BIG C THANH HOA,BIG C,20260119
26010000136,07/01/2026,BIGC_HDUONG,Công Ty TNHH Dịch Vụ EB,NV0130,Nam Phương - 0333719804,2310004,Bột Đa Năng Baking Soda 500g - Scratchless Cleaning (2987),20,43000,860000,946000.0000000001,BAKING SODA,BIG C HAI DUONG,BIG C,20260119
26010000137,07/01/2026,BIGC_LBIEN,Công Ty TNHH Dịch Vụ EB,NV0130,Nam Phương - 0333719804,2310004,Bột Đa Năng Baking Soda 500g - Scratchless Cleaning (2987),20,43000,860000,946000.0000000001,BAKING SODA,BIG C LONG BIEN,BIG C,20260119
26010000138,07/01/2026,BIGC_NDINH,Công Ty TNHH Dịch Vụ EB,NV0130,Nam Phương - 0333719804,2310004,Bột Đa Năng Baking Soda 500g - Scratchless Cleaning (2987),20,43000,860000,946000.0000000001,BAKING SODA,BIG C NAM DINH,BIG C,20260119
26010000139,07/01/2026,BIGC_VPHUC,Công Ty TNHH Dịch Vụ EB,NV0130,Nam Phương - 0333719804,2310004,Bột Đa Năng Baking Soda 500g - Scratchless Cleaning (2987),20,43000,860000,946000.0000000001,BAKING SODA,BIG C VINH PHUC,BIG C,20260119
26010000140,07/01/2026,BIGC_VINH,Công Ty TNHH Dịch Vụ EB,NV0130,Nam Phương - 0333719804,2310004,Bột Đa Năng Baking Soda 500g - Scratchless Cleaning (2987),20,43000,860000,946000.0000000001,BAKING SODA,BIG C VINH,BIG C,20260119
26010000141,07/01/2026,BIGC_HUE,Công Ty TNHH Dịch Vụ EB,NV0130,Nam Phương - 0333719804,2310004,Bột Đa Năng Baking Soda 500g - Scratchless Cleaning (2987),20,43000,860000,946000.0000000001,BAKING SODA,BIG C HUE,BIG C,20260119
26010000142,07/01/2026,BIGC_DNANG,Công Ty TNHH Dịch Vụ EB,NV0130,Nam Phương - 0333719804,2310004,Bột Đa Năng Baking Soda 500g - Scratchless Cleaning (2987),100,43000,4300000,4730000,BAKING SODA,BIG C DA NANG,BIG C,20260119
26010000143,07/01/2026,BIGC_HPHONG,Công Ty TNHH Dịch Vụ EB,NV0130,Nam Phương - 0333719804,2310004,Bột Đa Năng Baking Soda 500g - Scratchless Cleaning (2987),40,43000,1720000,1892000.0000000002,BAKING SODA,BIG C HAI PHONG,BIG C,20260119
26010000144,07/01/2026,BIGC_HPHONG,Công Ty TNHH Dịch Vụ EB,NV0130,Nam Phương - 0333719804,2310004,Bột Đa Năng Baking Soda 500g - Scratchless Cleaning (2987),40,43000,1720000,1892000.0000000002,BAKING SODA,BIG C HAI PHONG,BIG C,20260119
26010000145,07/01/2026,BIGC_TLONG,Công Ty TNHH Dịch Vụ EB,NV0130,Nam Phương - 0333719804,2310004,Bột Đa Năng Baking Soda 500g - Scratchless Cleaning (2987),60,43000,2580000,2838000,BAKING SODA,BIG C THANG LONG,BIG C,20260119
26010000244,13/01/2026,BIGC_DIAN,Công Ty TNHH Dịch Vụ EB,NV0130,Nam Phương - 0333719804,2310004,Bột Đa Năng Baking Soda 500g - Scratchless Cleaning (2987),20,43000,860000,946000.0000000001,BAKING SODA,BIG C DI AN,BIG C,20260119
26010000247,13/01/2026,BIGC_THIEP,Công Ty TNHH Dịch Vụ EB,NV0130,Nam Phương - 0333719804,2310004,Bột Đa Năng Baking Soda 500g - Scratchless Cleaning (2987),20,43000,860000,946000.0000000001,BAKING SODA,BIG C TAN HIEP,BIG C,20260119
26010000248,13/01/2026,BIGC_ANPHU,Công Ty TNHH Dịch Vụ EB,NV0130,Nam Phương - 0333719804,2310004,Bột Đa Năng Baking Soda 500g - Scratchless Cleaning (2987),20,43000,860000,946000.0000000001,BAKING SODA,BIG C AN PHU,BIG C,20260119
26010000249,13/01/2026,BIGC_PTHANH,Công Ty TNHH Dịch Vụ EB,NV0130,Nam Phương - 0333719804,2310004,Bột Đa Năng Baking Soda 500g - Scratchless Cleaning (2987),20,43000,860000,946000.0000000001,BAKING SODA,BIG C PHU THANH,BIG C,20260119
26010000250,13/01/2026,BIGC_MDONG,Công Ty TNHH Dịch Vụ EB,NV0130,Nam Phương - 0333719804,2310004,Bột Đa Năng Baking Soda 500g - Scratchless Cleaning (2987),20,43000,860000,946000.0000000001,BAKING SODA,BIG C MIEN DONG,BIG C,20260119
26010000252,14/01/2026,BIGC_QNHON,Công Ty TNHH Dịch Vụ EB,NV0130,Nam Phương - 0333719804,2310004,Bột Đa Năng Baking Soda 500g - Scratchless Cleaning (2987),20,43000,860000,946000.0000000001,BAKING SODA,BIG C QUY NHON,BIG C,20260119
26010000253,14/01/2026,BIGC_CTHO,Công Ty TNHH Dịch Vụ EB,NV0130,Nam Phương - 0333719804,2310004,Bột Đa Năng Baking Soda 500g - Scratchless Cleaning (2987),20,43000,860000,946000.0000000001,BAKING SODA,BIG C CAN THO,BIG C,20260119
26010000254,14/01/2026,BIGC_VPHUC,Công Ty TNHH Dịch Vụ EB,NV0130,Nam Phương - 0333719804,2310004,Bột Đa Năng Baking Soda 500g - Scratchless Cleaning (2987),60,43000,2580000,2838000,BAKING SODA,BIG C VINH PHUC,BIG C,20260119
26010000255,14/01/2026,BIGC_VINH,Công Ty TNHH Dịch Vụ EB,NV0130,Nam Phương - 0333719804,2310004,Bột Đa Năng Baking Soda 500g - Scratchless Cleaning (2987),20,43000,860000,946000.0000000001,BAKING SODA,BIG C VINH,BIG C,20260119
26010000256,14/01/2026,BIGC_TLONG,Công Ty TNHH Dịch Vụ EB,NV0130,Nam Phương - 0333719804,2310004,Bột Đa Năng Baking Soda 500g - Scratchless Cleaning (2987),40,43000,1720000,1892000.0000000002,BAKING SODA,BIG C THANG LONG,BIG C,20260119
26010000257,14/01/2026,BIGC_DLAT,Công Ty TNHH Dịch Vụ EB,NV0130,Nam Phương - 0333719804,2310004,Bột Đa Năng Baking Soda 500g - Scratchless Cleaning (2987),60,43000,2580000,2838000,BAKING SODA,BIG C DA LAT,BIG C,20260119
26010000258,14/01/2026,BIGC_MTHO,Công Ty TNHH Dịch Vụ EB,NV0130,Nam Phương - 0333719804,2310004,Bột Đa Năng Baking Soda 500g - Scratchless Cleaning (2987),20,43000,860000,946000.0000000001,BAKING SODA,BIG C MY THO,BIG C,20260119
26010000259,14/01/2026,BIGC_QNGAI,Công Ty TNHH Dịch Vụ EB,NV0130,Nam Phương - 0333719804,2310004,Bột Đa Năng Baking Soda 500g - Scratchless Cleaning (2987),20,43000,860000,946000.0000000001,BAKING SODA,BIG C QUANG NGAI,BIG C,20260119
26010000298,15/01/2026,BIGC_GO_BMT,Công Ty TNHH Dịch Vụ EB,NV0130,Nam Phương - 0333719804,2310004,Bột Đa Năng Baking Soda 500g - Scratchless Cleaning (2987),20,43000,860000,946000.0000000001,BAKING SODA,BIG C GO BUON MA THUOT,BIG C,20260119
26010000115,06/01/2026,BIGC_BDUONG,Công Ty TNHH Dịch Vụ EB,NV0130,Nam Phương - 0333719804,2320001,Muối Nổi Baking Soda 453g - Fresh Box (1101),24,36000,864000,950400.0000000001,BAKING SODA,BIG C BINH DUONG,BIG C,20260119
26010000118,06/01/2026,BIGC_LAND,Công Ty TNHH Dịch Vụ EB,NV0130,Nam Phương - 0333719804,2320001,Muối Nổi Baking Soda 453g - Fresh Box (1101),24,36000,864000,950400.0000000001,BAKING SODA,BIG C QUAN 7,BIG C,20260119
26010000123,07/01/2026,BIGC_GO_LAOCAI,Công Ty TNHH Dịch Vụ EB,NV0130,Nam Phương - 0333719804,2320001,Muối Nổi Baking Soda 453g - Fresh Box (1101),24,36000,864000,950400.0000000001,BAKING SODA,BIG C GO LAO CAI,BIG C,20260119
26010000124,07/01/2026,BIGC_GO_TNGUYEN,Công Ty TNHH Dịch Vụ EB,NV0130,Nam Phương - 0333719804,2320001,Muối Nổi Baking Soda 453g - Fresh Box (1101),24,36000,864000,950400.0000000001,BAKING SODA,BIG C THAI NGUYEN,BIG C,20260119
26010000125,07/01/2026,BIGC_GO_BTRE,Công Ty TNHH Dịch Vụ EB,NV0130,Nam Phương - 0333719804,2320001,Muối Nổi Baking Soda 453g - Fresh Box (1101),24,36000,864000,950400.0000000001,BAKING SODA,BIG C BEN TRE,BIG C,20260119
26010000127,07/01/2026,BIGC_BGIANG,Công Ty TNHH Dịch Vụ EB,NV0130,Nam Phương - 0333719804,2320001,Muối Nổi Baking Soda 453g - Fresh Box (1101),24,36000,864000,950400.0000000001,BAKING SODA,BIG C BAC GIANG,BIG C,20260119
26010000128,07/01/2026,BIGC_NTRANG,Công Ty TNHH Dịch Vụ EB,NV0130,Nam Phương - 0333719804,2320001,Muối Nổi Baking Soda 453g - Fresh Box (1101),24,36000,864000,950400.0000000001,BAKING SODA,BIG C NHA TRANG,BIG C,20260119
26010000129,07/01/2026,BIGC_QNHON,Công Ty TNHH Dịch Vụ EB,NV0130,Nam Phương - 0333719804,2320001,Muối Nổi Baking Soda 453g - Fresh Box (1101),24,36000,864000,950400.0000000001,BAKING SODA,BIG C QUY NHON,BIG C,20260119
26010000135,07/01/2026,BIGC_THOA,Công Ty TNHH Dịch Vụ EB,NV0130,Nam Phương - 0333719804,2320001,Muối Nổi Baking Soda 453g - Fresh Box (1101),48,36000,1728000,1900800.0000000002,BAKING SODA,BIG C THANH HOA,BIG C,20260119
26010000138,07/01/2026,BIGC_NDINH,Công Ty TNHH Dịch Vụ EB,NV0130,Nam Phương - 0333719804,2320001,Muối Nổi Baking Soda 453g - Fresh Box (1101),48,36000,1728000,1900800.0000000002,BAKING SODA,BIG C NAM DINH,BIG C,20260119
26010000139,07/01/2026,BIGC_VPHUC,Công Ty TNHH Dịch Vụ EB,NV0130,Nam Phương - 0333719804,2320001,Muối Nổi Baking Soda 453g - Fresh Box (1101),24,36000,864000,950400.0000000001,BAKING SODA,BIG C VINH PHUC,BIG C,20260119
26010000114,06/01/2026,BIGC_PTHANH,Công Ty TNHH Dịch Vụ EB,NV0130,Nam Phương - 0333719804,2340002,Muối Nổi Rửa Rau Quả Baking Soda 340g (6592),12,78000,936000,1029600.0000000001,BAKING SODA,BIG C PHU THANH,BIG C,20260119
26010000115,06/01/2026,BIGC_BDUONG,Công Ty TNHH Dịch Vụ EB,NV0130,Nam Phương - 0333719804,2340002,Muối Nổi Rửa Rau Quả Baking Soda 340g (6592),12,78000,936000,1029600.0000000001,BAKING SODA,BIG C BINH DUONG,BIG C,20260119
26010000128,07/01/2026,BIGC_NTRANG,Công Ty TNHH Dịch Vụ EB,NV0130,Nam Phương - 0333719804,2340002,Muối Nổi Rửa Rau Quả Baking Soda 340g (6592),12,78000,936000,1029600.0000000001,BAKING SODA,BIG C NHA TRANG,BIG C,20260119
26010000135,07/01/2026,BIGC_THOA,Công Ty TNHH Dịch Vụ EB,NV0130,Nam Phương - 0333719804,2340002,Muối Nổi Rửa Rau Quả Baking Soda 340g (6592),12,78000,936000,1029600.0000000001,BAKING SODA,BIG C THANH HOA,BIG C,20260119
26010000136,07/01/2026,BIGC_HDUONG,Công Ty TNHH Dịch Vụ EB,NV0130,Nam Phương - 0333719804,2340002,Muối Nổi Rửa Rau Quả Baking Soda 340g (6592),12,78000,936000,1029600.0000000001,BAKING SODA,BIG C HAI DUONG,BIG C,20260119
26010000257,14/01/2026,BIGC_DLAT,Công Ty TNHH Dịch Vụ EB,NV0130,Nam Phương - 0333719804,2340002,Muối Nổi Rửa Rau Quả Baking Soda 340g (6592),12,78000,936000,1029600.0000000001,BAKING SODA,BIG C DA LAT,BIG C,20260119
26010000160,08/01/2026,BIGC_GO_BRIA,Công Ty TNHH Dịch Vụ EB,NV0130,Nam Phương - 0333719804,6040021,Pin Fujitsu - R6/2300(BP4) - 3N(4B)FJ-EUNAB - AA   (2306),60,18000,1080000,1188000,FUJITSU,BIG C GO BA RIA,BIG C,20260119
26010000172,08/01/2026,BIGC_GO_BRIA,Công Ty TNHH Dịch Vụ EB,NV0130,Nam Phương - 0333719804,6040021,Pin Fujitsu - R6/2300(BP4) - 3N(4B)FJ-EUNAB - AA   (2306),40,18000,720000,792000.0000000001,FUJITSU,BIG C GO BA RIA,BIG C,20260119
26010000172,08/01/2026,BIGC_GO_BRIA,Công Ty TNHH Dịch Vụ EB,NV0130,Nam Phương - 0333719804,6040021,Pin Fujitsu - R6/2300(BP4) - 3N(4B)FJ-EUNAB - AA   (2306),10,0,0,0,FUJITSU,BIG C GO BA RIA,BIG C,20260119
26010000173,08/01/2026,BIGC_MDONG,Công Ty TNHH Dịch Vụ EB,NV0130,Nam Phương - 0333719804,6040021,Pin Fujitsu - R6/2300(BP4) - 3N(4B)FJ-EUNAB - AA   (2306),30,18000,540000,594000,FUJITSU,BIG C MIEN DONG,BIG C,20260119
26010000287,14/01/2026,BIGC_NTRANG,Công Ty TNHH Dịch Vụ EB,NV0130,Nam Phương - 0333719804,6040021,Pin Fujitsu - R6/2300(BP4) - 3N(4B)FJ-EUNAB - AA   (2306),20,18000,360000,396000.00000000006,FUJITSU,BIG C NHA TRANG,BIG C,20260119
26010000313,16/01/2026,BIGC_CTHO,Công Ty TNHH Dịch Vụ EB,NV0130,Nam Phương - 0333719804,6040021,Pin Fujitsu - R6/2300(BP4) - 3N(4B)FJ-EUNAB - AA   (2306),100,18000,1800000,1980000.0000000002,FUJITSU,BIG C CAN THO,BIG C,20260119
26010000007,02/01/2026,BIGC_QNGAI,Công Ty TNHH Dịch Vụ EB,NV0130,Nam Phương - 0333719804,6040022,Pin Fujitsu - R03/2400(BP4) - R03N(4B)FJEUNIC -  AAA   (3402),20,18000,360000,396000.00000000006,FUJITSU,BIG C QUANG NGAI,BIG C,20260119
26010000160,08/01/2026,BIGC_GO_BRIA,Công Ty TNHH Dịch Vụ EB,NV0130,Nam Phương - 0333719804,6040022,Pin Fujitsu - R03/2400(BP4) - R03N(4B)FJEUNIC -  AAA   (3402),60,18000,1080000,1188000,FUJITSU,BIG C GO BA RIA,BIG C,20260119
26010000172,08/01/2026,BIGC_GO_BRIA,Công Ty TNHH Dịch Vụ EB,NV0130,Nam Phương - 0333719804,6040022,Pin Fujitsu - R03/2400(BP4) - R03N(4B)FJEUNIC -  AAA   (3402),40,18000,720000,792000.0000000001,FUJITSU,BIG C GO BA RIA,BIG C,20260119
26010000172,08/01/2026,BIGC_GO_BRIA,Công Ty TNHH Dịch Vụ EB,NV0130,Nam Phương - 0333719804,6040022,Pin Fujitsu - R03/2400(BP4) - R03N(4B)FJEUNIC -  AAA   (3402),10,0,0,0,FUJITSU,BIG C GO BA RIA,BIG C,20260119
26010000173,08/01/2026,BIGC_MDONG,Công Ty TNHH Dịch Vụ EB,NV0130,Nam Phương - 0333719804,6040022,Pin Fujitsu - R03/2400(BP4) - R03N(4B)FJEUNIC -  AAA   (3402),20,18000,360000,396000.00000000006,FUJITSU,BIG C MIEN DONG,BIG C,20260119
26010000313,16/01/2026,BIGC_CTHO,Công Ty TNHH Dịch Vụ EB,NV0130,Nam Phương - 0333719804,6040022,Pin Fujitsu - R03/2400(BP4) - R03N(4B)FJEUNIC -  AAA   (3402),30,18000,540000,594000,FUJITSU,BIG C CAN THO,BIG C,20260119
26010000160,08/01/2026,BIGC_GO_BRIA,Công Ty TNHH Dịch Vụ EB,NV0130,Nam Phương - 0333719804,6050002,Pin Fujitsu - R6(4B) F-GP - AA    (2115),30,14400,432000,475200.00000000006,FUJITSU,BIG C GO BA RIA,BIG C,20260119
26010000173,08/01/2026,BIGC_MDONG,Công Ty TNHH Dịch Vụ EB,NV0130,Nam Phương - 0333719804,6050002,Pin Fujitsu - R6(4B) F-GP - AA    (2115),30,14400,432000,475200.00000000006,FUJITSU,BIG C MIEN DONG,BIG C,20260119
26010000287,14/01/2026,BIGC_NTRANG,Công Ty TNHH Dịch Vụ EB,NV0130,Nam Phương - 0333719804,6050002,Pin Fujitsu - R6(4B) F-GP - AA    (2115),20,14400,288000,316800,FUJITSU,BIG C NHA TRANG,BIG C,20260119
26010000007,02/01/2026,BIGC_QNGAI,Công Ty TNHH Dịch Vụ EB,NV0130,Nam Phương - 0333719804,6050004,Pin Fujitsu - R03(4B) F-GP - AAA     (3112),20,14400,288000,316800,FUJITSU,BIG C QUANG NGAI,BIG C,20260119
26010000160,08/01/2026,BIGC_GO_BRIA,Công Ty TNHH Dịch Vụ EB,NV0130,Nam Phương - 0333719804,6050004,Pin Fujitsu - R03(4B) F-GP - AAA     (3112),30,14400,432000,475200.00000000006,FUJITSU,BIG C GO BA RIA,BIG C,20260119
26010000173,08/01/2026,BIGC_MDONG,Công Ty TNHH Dịch Vụ EB,NV0130,Nam Phương - 0333719804,6050004,Pin Fujitsu - R03(4B) F-GP - AAA     (3112),30,14400,432000,475200.00000000006,FUJITSU,BIG C MIEN DONG,BIG C,20260119
26010000287,14/01/2026,BIGC_NTRANG,Công Ty TNHH Dịch Vụ EB,NV0130,Nam Phương - 0333719804,6050004,Pin Fujitsu - R03(4B) F-GP - AAA     (3112),30,14400,432000,475200.00000000006,FUJITSU,BIG C NHA TRANG,BIG C,20260119
26010000037,02/01/2026,BIGC_LAND,Công Ty TNHH Dịch Vụ EB,NV0025,Minh Tuân (Mar) - 0916.911.885,6040021,Pin Fujitsu - R6/2300(BP4) - 3N(4B)FJ-EUNAB - AA   (2306),50,18000,900000,990000.0000000001,FUJITSU,BIG C QUAN 7,BIG C,20260119
26010000038,02/01/2026,BIGC_BLIEU,Công Ty TNHH Dịch Vụ EB,NV0025,Minh Tuân (Mar) - 0916.911.885,6040021,Pin Fujitsu - R6/2300(BP4) - 3N(4B)FJ-EUNAB - AA   (2306),50,18000,900000,990000.0000000001,FUJITSU,BIG C BAC LIEU,BIG C,20260119
26010000038,02/01/2026,BIGC_BLIEU,Công Ty TNHH Dịch Vụ EB,NV0025,Minh Tuân (Mar) - 0916.911.885,6040022,Pin Fujitsu - R03/2400(BP4) - R03N(4B)FJEUNIC -  AAA   (3402),50,18000,900000,990000.0000000001,FUJITSU,BIG C BAC LIEU,BIG C,20260119
26010000038,02/01/2026,BIGC_BLIEU,Công Ty TNHH Dịch Vụ EB,NV0025,Minh Tuân (Mar) - 0916.911.885,6050002,Pin Fujitsu - R6(4B) F-GP - AA    (2115),50,14400,720000,792000.0000000001,FUJITSU,BIG C BAC LIEU,BIG C,20260119
26010000037,02/01/2026,BIGC_LAND,Công Ty TNHH Dịch Vụ EB,NV0025,Minh Tuân (Mar) - 0916.911.885,6050004,Pin Fujitsu - R03(4B) F-GP - AAA     (3112),50,14400,720000,792000.0000000001,FUJITSU,BIG C QUAN 7,BIG C,20260119
26010000038,02/01/2026,BIGC_BLIEU,Công Ty TNHH Dịch Vụ EB,NV0025,Minh Tuân (Mar) - 0916.911.885,6050004,Pin Fujitsu - R03(4B) F-GP - AAA     (3112),30,14400,432000,475200.00000000006,FUJITSU,BIG C BAC LIEU,BIG C,20260119
26010000058,05/01/2026,BHX_7161_PMY,Công Ty Cổ Phần Thương Mại Bách Hóa Xanh ,NV0130,Nam Phương - 0333719804,2320001,Muối Nổi Baking Soda 453g - Fresh Box (1101),96,26660,2559360,2815296,BAKING SODA,BACH HOA XANH PHU MY,BHX,20260119
26010000059,05/01/2026,BHX_6655_NHBE,Công Ty Cổ Phần Thương Mại Bách Hóa Xanh ,NV0130,Nam Phương - 0333719804,2320001,Muối Nổi Baking Soda 453g - Fresh Box (1101),120,26660,3199200,3519120.0000000005,BAKING SODA,BACH HOA XANH KHO NHA BE,BHX,20260119
26010000314,16/01/2026,BD_CUCHI,Tổng Công Ty Bưu Điện Việt Nam ,NV0133,Thảo Nguyên - MT ,6040021,Pin Fujitsu - R6/2300(BP4) - 3N(4B)FJ-EUNAB - AA   (2306),30,20000,600000,660000,FUJITSU,BACH HOA BUU DIEN CU CHI,BACH HOA BUU DIEN,20260119
26010000314,16/01/2026,BD_CUCHI,Tổng Công Ty Bưu Điện Việt Nam ,NV0133,Thảo Nguyên - MT ,6040022,Pin Fujitsu - R03/2400(BP4) - R03N(4B)FJEUNIC -  AAA   (3402),30,20000,600000,660000,FUJITSU,BACH HOA BUU DIEN CU CHI,BACH HOA BUU DIEN,20260119
26010000314,16/01/2026,BD_CUCHI,Tổng Công Ty Bưu Điện Việt Nam ,NV0133,Thảo Nguyên - MT ,6050002,Pin Fujitsu - R6(4B) F-GP - AA    (2115),30,16000,480000,528000,FUJITSU,BACH HOA BUU DIEN CU CHI,BACH HOA BUU DIEN,20260119
26010000314,16/01/2026,BD_CUCHI,Tổng Công Ty Bưu Điện Việt Nam ,NV0133,Thảo Nguyên - MT ,6050004,Pin Fujitsu - R03(4B) F-GP - AAA     (3112),30,16000,480000,528000,FUJITSU,BACH HOA BUU DIEN CU CHI,BACH HOA BUU DIEN,20260119
26010000194,12/01/2026,SD_FELIZ,Công ty TNHH Phân Phối Sành Điệu,NV0133,Thảo Nguyên - MT ,2310002,Bột Tẩy Rửa Đa Năng Baking Soda 226g - Scratchless Cleaning (1309),24,23333,559992,615991.2000000001,BAKING SODA,ANNAM GOURMET FELIZ EN VISTA,AN NAM,20260119
26010000197,12/01/2026,SD_SH,Công ty TNHH Phân Phối Sành Điệu,NV0133,Thảo Nguyên - MT ,2310002,Bột Tẩy Rửa Đa Năng Baking Soda 226g - Scratchless Cleaning (1309),12,23333,279996,307995.60000000003,BAKING SODA,ANNAM GOURMET ESTELLA,AN NAM,20260119
26010000320,19/01/2026,SD_LLOI,Công ty TNHH Phân Phối Sành Điệu,NV0133,Thảo Nguyên - MT ,2310002,Bột Tẩy Rửa Đa Năng Baking Soda 226g - Scratchless Cleaning (1309),24,23333,559992,615991.2000000001,BAKING SODA,ANNAM GOURMET SAIGON CENTER,AN NAM,20260119
26010000197,12/01/2026,SD_SH,Công ty TNHH Phân Phối Sành Điệu,NV0133,Thảo Nguyên - MT ,2310004,Bột Đa Năng Baking Soda 500g - Scratchless Cleaning (2987),20,43704,874080,961488.0000000001,BAKING SODA,ANNAM GOURMET ESTELLA,AN NAM,20260119
26010000320,19/01/2026,SD_LLOI,Công ty TNHH Phân Phối Sành Điệu,NV0133,Thảo Nguyên - MT ,2310004,Bột Đa Năng Baking Soda 500g - Scratchless Cleaning (2987),6,43704,262224,288446.4,BAKING SODA,ANNAM GOURMET SAIGON CENTER,AN NAM,20260119
26010000180,09/01/2026,SD_NDC,Công ty TNHH Phân Phối Sành Điệu,NV0133,Thảo Nguyên - MT ,2310008,Bột Đa Năng Baking Soda 2.1kg - Scratchless Cleaning (2970),24,147407,3537768,3891544.8000000003,BAKING SODA,ANNAM GOURMET PHÚ MỸ HƯNG ,AN NAM,20260119
26010000263,14/01/2026,SD_SH,Công ty TNHH Phân Phối Sành Điệu,NV0133,Thảo Nguyên - MT ,2310008,Bột Đa Năng Baking Soda 2.1kg - Scratchless Cleaning (2970),6,147407,884442,972886.2000000001,BAKING SODA,ANNAM GOURMET ESTELLA,AN NAM,20260119
26010000320,19/01/2026,SD_LLOI,Công ty TNHH Phân Phối Sành Điệu,NV0133,Thảo Nguyên - MT ,2310008,Bột Đa Năng Baking Soda 2.1kg - Scratchless Cleaning (2970),3,147407,442221,486443.10000000003,BAKING SODA,ANNAM GOURMET SAIGON CENTER,AN NAM,20260119
26010000180,09/01/2026,SD_NDC,Công ty TNHH Phân Phối Sành Điệu,NV0133,Thảo Nguyên - MT ,2340002,Muối Nổi Rửa Rau Quả Baking Soda 340g (6592),60,79259,4755540,5231094,BAKING SODA,ANNAM GOURMET PHÚ MỸ HƯNG ,AN NAM,20260119
26010000197,12/01/2026,SD_SH,Công ty TNHH Phân Phối Sành Điệu,NV0133,Thảo Nguyên - MT ,2340002,Muối Nổi Rửa Rau Quả Baking Soda 340g (6592),24,79259,1902216,2092437.6,BAKING SODA,ANNAM GOURMET ESTELLA,AN NAM,20260119
26010000296,15/01/2026,SD_LAND81,Công ty TNHH Phân Phối Sành Điệu,NV0133,Thảo Nguyên - MT ,2340002,Muối Nổi Rửa Rau Quả Baking Soda 340g (6592),12,79259,951108,1046218.8,BAKING SODA,ANNAM GOURMET LANDMARK81,AN NAM,20260119
26010000320,19/01/2026,SD_LLOI,Công ty TNHH Phân Phối Sành Điệu,NV0133,Thảo Nguyên - MT ,2340002,Muối Nổi Rửa Rau Quả Baking Soda 340g (6592),3,79259,237777,261554.7,BAKING SODA,ANNAM GOURMET SAIGON CENTER,AN NAM,20260119
26010000180,09/01/2026,SD_NDC,Công ty TNHH Phân Phối Sành Điệu,NV0133,Thảo Nguyên - MT ,6010035,Pin Fujitsu - LR03(4B+2B) FU-W-FI - AAA    (5504),10,40741,407410,448151.00000000006,FUJITSU,ANNAM GOURMET PHÚ MỸ HƯNG ,AN NAM,20260119
26010000180,09/01/2026,SD_NDC,Công ty TNHH Phân Phối Sành Điệu,NV0133,Thảo Nguyên - MT ,6040021,Pin Fujitsu - R6/2300(BP4) - 3N(4B)FJ-EUNAB - AA   (2306),30,21111,633330,696663,FUJITSU,ANNAM GOURMET PHÚ MỸ HƯNG ,AN NAM,20260119
26010000320,19/01/2026,SD_LLOI,Công ty TNHH Phân Phối Sành Điệu,NV0133,Thảo Nguyên - MT ,6040021,Pin Fujitsu - R6/2300(BP4) - 3N(4B)FJ-EUNAB - AA   (2306),10,21111,211110,232221.00000000003,FUJITSU,ANNAM GOURMET SAIGON CENTER,AN NAM,20260119
26010000155,08/01/2026,BHX_28835_TBINH,Công Ty Cổ Phần Thương Mại Bách Hóa Xanh ,NV0130,Nam Phương - 0333719804,2320001,Muối Nổi Baking Soda 453g - Fresh Box (1101),120,26660,3199200,3519120.0000000005,BAKING SODA,BHX_28835_TBINH,BHX,20260119
26010000106,06/01/2026,COOP_F_BDIEM,Liên Hiệp HTX TM TP.HCM,NV0025,Minh Tuân (Mar) - 0916.911.885,2310002,Bột Tẩy Rửa Đa Năng Baking Soda 226g - Scratchless Cleaning (1309),24,23000,552000,607200,BAKING SODA,COOP_F_BDIEM,COOP FOOD,20260119
26010000083,05/01/2026,COOP_F_LKHU4_5,Liên Hiệp HTX TM TP.HCM,NV0025,Minh Tuân (Mar) - 0916.911.885,2320001,Muối Nổi Baking Soda 453g - Fresh Box (1101),18,36000,648000,712800,BAKING SODA,COOP_F_LKHU4_5,COOP FOOD,20260119
